,Adj Close_mean,Adj Close_stdev,Close_mean,Close_stdev,High_mean,High_stdev,Low_mean,Low_stdev,MarginPurchaseBuy_mean,MarginPurchaseBuy_stdev,MarginPurchaseCashRepayment_mean,MarginPurchaseCashRepayment_stdev,MarginPurchaseLimit_mean,MarginPurchaseLimit_stdev,MarginPurchaseSell_mean,MarginPurchaseSell_stdev,MarginPurchaseTodayBalance_mean,MarginPurchaseTodayBalance_stdev,MarginPurchaseYesterdayBalance_mean,MarginPurchaseYesterdayBalance_stdev,OffsetLoanAndShort_mean,OffsetLoanAndShort_stdev,Open_mean,Open_stdev,ShortSaleBuy_mean,ShortSaleBuy_stdev,ShortSaleLimit_mean,ShortSaleLimit_stdev,ShortSaleSell_mean,ShortSaleSell_stdev,ShortSaleTodayBalance_mean,ShortSaleTodayBalance_stdev,ShortSaleYesterdayBalance_mean,ShortSaleYesterdayBalance_stdev,Volume_mean,Volume_stdev,b_total_mean,b_total_stdev,buy_volume_mean,buy_volume_stdev,s_total_mean,s_total_stdev,sell_volume_mean,sell_volume_stdev
0,17.506889479766322,0.6525655160869098,24.422172417731915,0.9103310428079033,24.870719341939534,0.9801745485266633,23.82418472752617,0.9282917444159552,0.0,1.0,44.16584403464603,54.64600404929613,758643.0000000001,1.0,6.449400204937229,4.442587077439303,6604.764676743429,284.21367360094035,6655.379920983012,305.5569396375315,0.0,1.0,24.30603324454545,0.966010348600089,0.0,1.0,758643.0000000001,1.0,0.0,1.0,0.0,1.0,0.0,1.0,90733.55318969558,67579.76348217126,752038.2353232566,284.21367360093546,57217.35905957829,86970.44944071968,758643.0000000001,1.0,60508.13443804615,46413.56462666527
1,17.50413426567227,0.6554034757594264,24.418328878154362,0.9142900076543805,24.87893071788148,0.9699855668164362,23.822654680959154,0.9298262476923033,0.0,1.0,40.90159754255044,48.7405594421244,758643.0000000001,1.0,6.5616394113412975,4.318189118641067,6557.301439789538,278.1911408602275,6604.764676743429,284.21367360094035,0.0,1.0,24.317241309804725,0.9536256496250195,0.0,1.0,758643.0000000001,1.0,0.0,1.0,0.0,1.0,0.0,1.0,85681.3955504466,63410.64262878335,752085.6985602105,278.1911408602356,51219.0517671112,84094.55333225623,758643.0000000001,1.0,62544.30286569483,48066.84626774681
2,17.47792809727972,0.6674520278744743,24.381771193188115,0.9310977334864495,24.84180848456845,0.9945179204002793,23.780885425587098,0.9482659942464646,0.0,1.0,37.85745309843905,43.93523898441082,758643.0000000001,1.0,6.5041089299434525,4.356712443207606,6512.939877761155,283.6488105470748,6557.301439789538,278.1911408602275,0.0,1.0,24.283600074733588,0.967934554495065,0.0,1.0,758643.0000000001,1.0,0.0,1.0,0.0,1.0,0.0,1.0,77782.45445077962,49792.409623157975,752130.0601222389,283.6488105470826,40161.75058660886,65191.95684600807,758643.0000000001,1.0,62782.257595204406,48277.1782191431
3,17.422548916694893,0.6343489365063629,24.30451704635983,0.8849187672115363,24.76374961689788,0.973279508914418,23.705240053188977,0.9292645350325887,0.0,1.0,33.635999620456985,41.10308216180605,758643.0000000001,1.0,6.230666311588618,4.232193437920558,6473.073211829109,292.64771401855705,6512.939877761155,283.6488105470748,0.0,1.0,24.214609362517464,0.9579407786115254,0.0,1.0,758643.0000000001,1.0,0.0,1.0,0.0,1.0,0.0,1.0,71367.93627378721,39713.2833720816,752169.9267881709,292.6477140185717,31105.28158144011,48222.5561525923,758643.0000000001,1.0,62689.11414057262,48226.19672670002
4,17.368110165035404,0.5580573805855618,24.228574843187854,0.7784917956750702,24.66510298246403,0.8543014177649493,23.608718943174967,0.8356053666850196,0.0,1.0,29.738526286491318,38.14523553079849,758643.0000000001,1.0,6.009860767786214,4.100209983849147,6437.3248247748315,304.33706190897175,6473.073211829109,292.64771401855705,0.0,1.0,24.110801298864295,0.8348251603018567,0.0,1.0,758643.0000000001,1.0,0.0,1.0,0.0,1.0,0.0,1.0,66131.22249211819,29653.009370413325,752205.6751752252,304.33706190898795,23690.471892610898,31750.298221476565,758643.0000000001,1.0,61378.02480960531,48364.25551245828
5,17.323785007131796,0.4853387726467082,24.166741127036477,0.6770491204285926,24.57630121158698,0.7171229081400723,23.525970048186373,0.7133838978876011,0.0,1.0,29.200954237887856,38.42057248465902,758643.0000000001,1.0,5.829080478625078,4.051468256780961,6402.2947900583185,313.3088518311434,6437.3248247748315,304.33706190897175,0.0,1.0,24.015911660206097,0.6642734731526605,0.0,1.0,758643.0000000001,1.0,0.0,1.0,0.0,1.0,0.0,1.0,61505.01252837863,21738.480942400063,752240.7052099417,313.3088518311627,20373.145083973206,28394.977851496464,758643.0000000001,1.0,59634.40725850314,49144.76772913444
6,17.287135092597254,0.40442112361496885,24.11561434129249,0.564168584107563,24.502998372845866,0.5649177338692976,23.4652640705336,0.6108827976515798,0.0,1.0,28.808621424084798,38.6278912641437,758643.0000000001,1.0,5.62371735107805,4.006645372088089,6367.862451283156,319.79359535337767,6402.2947900583185,313.3088518311434,0.0,1.0,23.94321065597218,0.5204288264131409,0.0,1.0,758643.0000000001,1.0,0.0,1.0,0.0,1.0,0.0,1.0,57875.24930267126,15203.157475125034,752275.1375487169,319.7935953533964,17611.433333333334,26040.217787973383,758643.0000000001,1.0,58279.95884018739,49865.86674778347
7,17.26849875961491,0.3646516972842934,24.08961658727476,0.5086900447277577,24.458202857979735,0.4698572335234573,23.432301532433016,0.5494377751041358,0.0,1.0,28.38765921524401,38.846728212325125,758643.0000000001,1.0,5.492726383589722,4.002272020566721,6333.982065684322,323.96320973418483,6367.862451283156,319.79359535337767,0.0,1.0,23.896114801985213,0.41688935339727684,0.0,1.0,758643.0000000001,1.0,0.0,1.0,0.0,1.0,0.0,1.0,56161.84212580447,14612.346384354043,752309.0179343157,323.9632097342093,17611.433333333334,26040.217787973383,758643.0000000001,1.0,57625.00430772616,50355.56168969491
8,17.271561390186577,0.368924325224415,24.093888976275355,0.5146503936096876,24.433119544384002,0.4205502241882993,23.414947684977456,0.5263780676353204,0.0,1.0,27.09064190395384,39.05263150317211,758643.0000000001,1.0,5.417574539544845,4.019739422558349,6301.473849240823,327.2079415059718,6333.982065684322,323.96320973418483,0.0,1.0,23.867189574170506,0.37310548006218663,0.0,1.0,758643.0000000001,1.0,0.0,1.0,0.0,1.0,0.0,1.0,54979.62563421918,14234.917186918641,752341.5261507592,327.207941505994,17898.197059635713,25886.502410372745,758643.0000000001,1.0,57192.83526568197,50682.40269387209
9,17.28885196839263,0.37791607496462987,24.11800943214215,0.527193922883511,24.43540056530083,0.42233111551324637,23.433113334306817,0.5387403093653819,0.0,1.0,25.948996548139245,39.30435358351253,758643.0000000001,1.0,5.150803665555819,3.9874831162159268,6270.374049027128,329.5135387960088,6301.473849240823,327.2079415059718,0.0,1.0,23.868134117753986,0.37370892282515983,0.0,1.0,758643.0000000001,1.0,0.0,1.0,0.0,1.0,0.0,1.0,54149.880168244024,13844.638737051026,752372.6259509729,329.513538796026,18620.477675940747,25671.289234047857,758643.0000000001,1.0,58130.432605854134,50358.47459677557
10,17.307012688356046,0.3857015478315996,24.143343750218843,0.5380546830011438,24.443143736435132,0.4265321244811461,23.44935612764479,0.5501997884292298,0.0,1.0,25.021329351517203,39.570221292208075,758643.0000000001,1.0,4.789008283844323,3.805925296439635,6240.563711391766,330.86740911841116,6270.374049027128,329.5135387960088,0.0,1.0,23.87546808258588,0.37792778175371333,0.0,1.0,758643.0000000001,1.0,0.0,1.0,0.0,1.0,0.0,1.0,53549.75326354432,13724.259070946746,752402.4362886082,330.8674091184226,18548.995793095604,25624.331586776447,758643.0000000001,1.0,58863.3226920515,50020.75219852616
11,17.319419331244784,0.3945274866610286,24.160651111718582,0.5503669112419196,24.445706177202034,0.42858344229762246,23.466132690397824,0.5684502650360383,0.0,1.0,24.206002112284054,39.82723486599486,758643.0000000001,1.0,4.523452965268352,3.7486661749621444,6211.834256314214,331.15350602593674,6240.563711391766,330.86740911841116,0.0,1.0,23.88495071346709,0.38780034310374606,0.0,1.0,758643.0000000001,1.0,0.0,1.0,0.0,1.0,0.0,1.0,53618.67894463487,13748.068954683577,752431.1657436858,331.1535060259472,17878.708761210633,25003.42276926029,758643.0000000001,1.0,59704.75957588763,49568.459423648026
12,17.323432089164278,0.39767003311842286,24.166248956081304,0.5547507905293062,24.447119110762483,0.42996646756289697,23.473843009243577,0.5782008344354834,0.0,1.0,25.55879161947811,40.30089750706394,758643.0000000001,1.0,4.408655533366267,3.6983987150474023,6181.86680916137,332.86437605466284,6211.834256314214,331.15350602593674,0.0,1.0,23.891194889082193,0.3966058671227911,0.0,1.0,758643.0000000001,1.0,0.0,1.0,0.0,1.0,0.0,1.0,53795.86704222825,13753.146955123862,752461.1331908387,332.8643760546725,17329.924154817043,24640.53813085262,758643.0000000001,1.0,60422.79234768776,49108.53939016667
13,17.32977777167163,0.40110863759884036,24.17510125587095,0.5595476722014585,24.45023447205155,0.43336709609722385,23.48990494730863,0.5974460082829294,0.0,1.0,26.82683443852537,40.5801677754706,758643.0000000001,1.0,4.061087131528817,2.9577060519868446,6150.9788875913155,336.0922145683724,6181.86680916137,332.86437605466284,0.0,1.0,23.898608244566155,0.41247550775297187,0.0,1.0,758643.0000000001,1.0,0.0,1.0,0.0,1.0,0.0,1.0,54097.281764110056,13696.570182015876,752492.0211124087,336.0922145683815,16775.122841366458,24435.44441928939,758643.0000000001,1.0,61029.2409299697,48653.18245803094
14,17.346816921109777,0.40419843480016676,24.198870950772292,0.5638579400141962,24.459847366144945,0.4409622589742268,23.51379824957302,0.6191304851262238,0.0,1.0,28.539534882976874,40.935992948451215,758643.0000000001,1.0,4.296115016273627,3.820041929659872,6118.143237692066,341.50559272700156,6150.9788875913155,336.0922145683724,0.0,1.0,23.913013560791384,0.4372193316557936,0.0,1.0,758643.0000000001,1.0,0.0,1.0,0.0,1.0,0.0,1.0,54317.07131237463,13559.745531903043,752524.856762308,341.50559272700735,16141.549329249798,24381.952445070292,758643.0000000001,1.0,61044.99156900212,48637.505390779625
15,17.375311885412263,0.39599440855426404,24.238621534219728,0.552413275469894,24.48810382535539,0.4409758184516584,23.560360193740244,0.6344159712075107,0.0,1.0,30.706478677799318,41.54555514043412,758643.0000000001,1.0,4.608198349172472,4.59988464215221,6082.828560665093,349.47602268696846,6118.143237692066,341.50559272700156,0.0,1.0,23.946124755973592,0.46175134975924936,0.0,1.0,758643.0000000001,1.0,0.0,1.0,0.0,1.0,0.0,1.0,54988.888823875226,13620.124350644592,752560.171439335,349.47602268696477,15866.666666666668,24503.6821313209,758643.0000000001,1.0,61317.41125789117,48375.376046284706
16,17.40503205338973,0.3809101439312327,24.28008126690276,0.5313707263325772,24.521083997636595,0.4283519505672787,23.60862669097326,0.6205303505578972,0.0,1.0,32.513805715149495,41.626253067065484,758643.0000000001,1.0,4.917546833954293,5.162976248030997,6045.39720811599,358.85262495263197,6082.828560665093,349.47602268696846,0.0,1.0,23.99455102952124,0.4649200658677122,0.0,1.0,758643.0000000001,1.0,0.0,1.0,0.0,1.0,0.0,1.0,56087.9008768436,14129.0804240726,752597.6027918841,358.85262495263515,15867.679898499604,24503.00403698768,758643.0000000001,1.0,61712.606236572996,48016.10871081279
17,17.43975973184946,0.35429352180375817,24.328526498414018,0.49424055999514704,24.54808587892503,0.4165933183445603,23.666614965880903,0.5844631987127452,0.0,1.0,33.457774508369134,41.30426842352966,758643.0000000001,1.0,5.135655125403127,5.384036847064043,6006.803778482217,367.34720411528275,6045.39720811599,358.85262495263197,0.0,1.0,24.031160023823965,0.4662670390895881,0.0,1.0,758643.0000000001,1.0,0.0,1.0,0.0,1.0,0.0,1.0,57048.43042883263,14135.325818579346,752636.1962215179,367.3472041152857,15868.509462561226,24502.448717569714,758643.0000000001,1.0,62058.79858348131,47681.93083528302
18,17.46931962500915,0.3353684398174711,24.369762676160736,0.4678400754247382,24.574505768267247,0.398562171086878,23.719388438865042,0.5537712247936831,0.0,1.0,34.587724168546586,40.98213966245441,758643.0000000001,1.0,5.460482559585646,5.460421689378416,5966.755571754085,374.8438640977795,6006.803778482217,367.34720411528275,0.0,1.0,24.066376584629978,0.45884911024929376,0.0,1.0,758643.0000000001,1.0,0.0,1.0,0.0,1.0,0.0,1.0,57980.47268488556,14015.330425531038,752676.2444282459,374.84386409777886,15869.188652170122,24501.993964800477,758643.0000000001,1.0,62412.60757041335,47336.0920114552
19,17.488963462017214,0.32799910876200655,24.397165935879748,0.4575598511922293,24.59481955754328,0.38682181917631425,23.757607643059877,0.5333212530300967,0.0,1.0,35.3939311721246,40.6100288494254,758643.0000000001,1.0,5.580271666785219,5.394359260421058,5925.781368915175,380.01602068993554,5966.755571754085,374.8438640977795,0.0,1.0,24.093549978316123,0.4464720146181115,0.0,1.0,758643.0000000001,1.0,0.0,1.0,0.0,1.0,0.0,1.0,58793.9798863101,13697.933504013276,752717.2186310849,380.01602068993736,15869.744725590099,24501.62158058076,758643.0000000001,1.0,62275.72923224945,47454.30441144981
20,17.501823516187237,0.31388597444071586,24.415105807154113,0.4378719116565523,24.607297569092122,0.37759393610926884,23.782690335368613,0.5133237780509595,0.0,1.0,35.80135540025006,40.38793956382935,758643.0000000001,1.0,5.711084059471656,5.336888670599728,5884.268929455454,382.5429701388709,5925.781368915175,380.01602068993554,0.0,1.0,24.115025745099196,0.4367561781288571,0.0,1.0,758643.0000000001,1.0,0.0,1.0,0.0,1.0,0.0,1.0,59252.09227634748,13396.335897829185,752758.7310705446,382.54297013887367,15870.2,24501.316655170125,758643.0000000001,1.0,62038.50615476845,47660.45979786571
21,17.498620545402304,0.3187818093556787,24.410637738340988,0.444701493581164,24.600808279543678,0.3860629902963747,23.79725419382081,0.49613290524726933,0.0,1.0,35.73598275412682,40.41668866533888,758643.0000000001,1.0,5.902231992015888,5.262252479395741,5842.630714709311,382.9098404575323,5884.268929455454,382.5429701388709,0.0,1.0,24.12252643653796,0.42740522666118547,0.0,1.0,758643.0000000001,1.0,0.0,1.0,0.0,1.0,0.0,1.0,58482.81995938471,13493.233000870157,752800.3692852907,382.90984045753004,12868.739664701789,20247.60259269784,758643.0000000001,1.0,62000.61848422728,47662.71984511833
22,17.462773358001943,0.3799051083137919,24.360630832691072,0.5299686887372027,24.56756452145521,0.4311107099499854,23.76297884545602,0.5377367527882422,0.0,1.0,35.61564698806142,40.48271796033153,758643.0000000001,1.0,6.441082317846963,5.538873890633494,5800.573985403403,381.1428599294482,5842.630714709311,382.9098404575323,0.0,1.0,24.104899803241246,0.4488525564437953,0.0,1.0,758643.0000000001,1.0,0.0,1.0,0.0,1.0,0.0,1.0,57972.124850665015,12969.463144129002,752842.4260145966,381.14285992944286,10411.35178404939,16785.01350550808,758643.0000000001,1.0,62650.798661026405,48414.35076498402
23,17.3981591460286,0.5092122916595433,24.27049378188708,0.7103527911706092,24.503255307597502,0.5231960724106279,23.686213727055062,0.6585188094803333,0.0,1.0,35.5741293612128,40.50245844989295,758643.0000000001,1.0,7.361730363271681,6.7109688419455455,5757.638125678918,378.0316142174327,5800.573985403403,381.1428599294482,0.0,1.0,24.05489636715742,0.519364300535484,0.0,1.0,758643.0000000001,1.0,0.0,1.0,0.0,1.0,0.0,1.0,57550.69167747699,12346.789579217142,752885.3618743211,378.03161421742755,8399.412753918146,13973.667623821442,758643.0000000001,1.0,64238.67025625962,50179.835321433675
24,17.311396435898516,0.6800583523063739,24.149459489543883,0.948683808856398,24.40767968509529,0.7062732410049385,23.584506674093962,0.8506641848583354,0.0,1.0,35.82041287578951,40.39167044478407,758643.0000000001,1.0,8.079783892899771,7.184156803771039,5713.737928910229,373.2256078724561,5757.638125678918,378.0316142174327,0.0,1.0,23.98220562479402,0.6663945118904596,0.0,1.0,758643.0000000001,1.0,0.0,1.0,0.0,1.0,0.0,1.0,57474.78662224047,12204.363069519812,752929.2620710898,373.22560787245015,6752.1763966318085,11699.302689895665,758643.0000000001,1.0,64473.847181373145,50682.38315960347
25,17.20200464198299,0.8418228616487766,23.99685750749576,1.1743460167031974,24.284300737598883,0.8980797013133697,23.456107735920508,1.0567850600882722,0.0,1.0,35.98282694258132,40.298446671516615,758643.0000000001,1.0,8.694371458470139,7.4178083463685685,5669.060730509177,365.78913066088717,5713.737928910229,373.2256078724561,0.0,1.0,23.88736553302596,0.8380618803934576,0.0,1.0,758643.0000000001,1.0,0.0,1.0,0.0,1.0,0.0,1.0,57628.514932051505,12431.104795170735,752973.9392694909,365.78913066089154,5403.533333333334,9868.434398247695,758643.0000000001,1.0,67131.02664005492,56355.22286561988
26,17.072813180417462,1.013230657304541,23.816634932696115,1.4134606019824563,24.130700555475453,1.1245028816441247,23.291151886305943,1.2810216291376986,0.0,1.0,36.83350357488748,39.87423054092758,758643.0000000001,1.0,9.044166399234847,7.482630754114212,5623.183060535055,355.59923975208665,5669.060730509177,365.78913066088717,0.0,1.0,23.74988534300131,1.0522953804290387,0.0,1.0,758643.0000000001,1.0,0.0,1.0,0.0,1.0,0.0,1.0,58498.46648608315,13313.555138068712,753019.816939465,355.59923975208295,5403.533333333334,9868.434398247695,758643.0000000001,1.0,72304.1774679428,66174.94810832194
27,16.94405123953197,1.1664133938167502,23.637011582463842,1.6271511147153421,23.964012075307828,1.346614959447651,23.113101572413232,1.509446864954189,0.0,1.0,37.13806826873476,39.73872827596365,758643.0000000001,1.0,9.266365295683492,7.428248547780569,5576.778626970637,342.34857675897814,5623.183060535055,355.59923975208665,0.0,1.0,23.584194961403362,1.3067934776553372,0.0,1.0,758643.0000000001,1.0,0.0,1.0,0.0,1.0,0.0,1.0,59355.7299461155,13446.787692382524,753066.2213730294,342.34857675897405,5403.533333333334,9868.434398247695,758643.0000000001,1.0,77641.85449564604,72034.83404308466
28,16.818448918501893,1.3082184863492903,23.46179590913592,1.8249697107864136,23.80238221671512,1.556894384644188,22.946868022141466,1.7117340451702092,0.0,1.0,36.2857363393418,37.36037799804397,758643.0000000001,1.0,9.169841359145908,7.4881686248417365,5531.32304927215,342.7851760772591,5576.778626970637,342.34857675897814,0.0,1.0,23.432007532517034,1.5279958106048768,0.0,1.0,758643.0000000001,1.0,0.0,1.0,0.0,1.0,0.0,1.0,59791.622957808235,13419.970218819015,753111.6769507279,342.78517607725587,5393.974542456588,9873.699000918708,758643.0000000001,1.0,82395.22138738378,75512.57220749627
29,16.707201168536628,1.426857452310208,23.306604905930925,1.9904714673850648,23.64729154129675,1.7391890959782281,22.79315533685636,1.8758545222188074,0.0,1.0,35.66303786713402,35.948398164220436,758643.0000000001,1.0,11.127827357702607,12.837568463012108,5484.5321840473125,358.0306838216923,5531.32304927215,342.7851760772591,0.0,1.0,23.279606590869957,1.7127258253716693,0.0,1.0,758643.0000000001,1.0,0.0,1.0,0.0,1.0,0.0,1.0,59875.88000461281,13420.81890066982,753158.4678159527,358.03068382169147,5386.148466403554,9878.02138155217,758643.0000000001,1.0,83114.11180403062,76071.83731469644
30,16.597165874540142,1.5306814932603092,23.153105271815686,2.1353063133592136,23.495446625494274,1.8984078877417487,22.650817862573867,2.013564792658574,0.0,1.0,36.11964401365547,36.90181262049978,758643.0000000001,1.0,12.732425877340509,14.980375269157872,5435.680114156316,385.46960518586917,5484.5321840473125,358.0306838216923,0.0,1.0,23.133301982691865,1.8692475567604938,0.0,1.0,758643.0000000001,1.0,0.0,1.0,0.0,1.0,0.0,1.0,59091.82639865251,13110.212720785647,753207.3198858438,385.4696051858614,5379.741017263009,9881.568339910269,758643.0000000001,1.0,81101.00516279262,74798.79209956936
31,16.4899110754098,1.6248679316928056,23.003484438368645,2.266696679701271,23.35139671384026,2.031558311691201,22.512786404443634,2.1342280650647196,0.0,1.0,36.511903530138184,37.48594189521838,758643.0000000001,1.0,14.20306331398456,16.161414075428134,5384.965147312194,420.2997171478661,5435.680114156316,385.46960518586917,0.0,1.0,22.99109149568098,2.0015710201556955,0.0,1.0,758643.0000000001,1.0,0.0,1.0,0.0,1.0,0.0,1.0,58689.642177089016,13118.21682271138,753258.0348526879,420.29971714785944,5345.8186689726235,9888.619731146155,758643.0000000001,1.0,81624.33059507774,75200.37921701804
32,16.384586920724875,1.7042747272030425,22.856556860333377,2.377469398543774,23.210400245089488,2.1514931345129003,22.37725289762013,2.243350938388843,0.0,1.0,36.977234247956574,37.928430551324695,758643.0000000001,1.0,15.474575457592177,16.728995750394468,5332.513337606645,458.48616780097166,5384.965147312194,420.2997171478661,0.0,1.0,22.846400815403875,2.1240780863982627,0.0,1.0,758643.0000000001,1.0,0.0,1.0,0.0,1.0,0.0,1.0,58348.02435558275,13280.567347018738,753310.4866623934,458.486167800968,5318.045399210663,9896.076712317621,758643.0000000001,1.0,81563.71125554702,75179.62059200864
33,16.26833915924285,1.7784791115045966,22.694390847297537,2.4809847347898795,23.058729410373225,2.259551495628836,22.235298390935785,2.345703514106097,0.0,1.0,38.72606688570648,37.37010210077484,758643.0000000001,1.0,16.502972424552233,16.955969211397605,5277.284298296387,494.59783002375116,5332.513337606645,458.48616780097166,0.0,1.0,22.702245738201107,2.232756712498514,0.0,1.0,758643.0000000001,1.0,0.0,1.0,0.0,1.0,0.0,1.0,58381.88387380956,13250.139514188304,753365.7157017037,494.5978300237411,5298.823051789027,9902.299607500234,758643.0000000001,1.0,82240.14213217307,75320.15776819037
34,16.134724117606122,1.8410560239604732,22.50799740057539,2.5682796989534014,22.88900887276026,2.3524066626852234,22.07485948119046,2.45121638413771,0.0,1.0,40.39344160335444,36.80010700969095,758643.0000000001,1.0,16.60901711769676,16.892771952561343,5220.281839575335,526.8343603838,5277.284298296387,494.59783002375116,0.0,1.0,22.539952116029838,2.337256116100542,0.0,1.0,758643.0000000001,1.0,0.0,1.0,0.0,1.0,0.0,1.0,58732.032969613676,13285.714961902057,753422.7181604247,526.8343603837967,5283.085124808585,9908.021304157039,758643.0000000001,1.0,86999.60797283372,76887.30361450172
35,15.992644139026146,1.8950667635094163,22.309795355017823,2.6436248307322745,22.704606990483473,2.4400457450720983,21.89218110569431,2.5488614953286874,0.0,1.0,42.53486162045236,36.38291965994606,758643.0000000001,1.0,16.68880620388288,16.838046413866145,5161.058171751,556.3725611849098,5220.281839575335,526.8343603838,0.0,1.0,22.35330465864148,2.4426083248300556,0.0,1.0,758643.0000000001,1.0,0.0,1.0,0.0,1.0,0.0,1.0,59390.499470197945,12641.281462026318,753481.941828249,556.3725611849051,5270.2,9913.125273890026,758643.0000000001,1.0,91523.92616540943,76390.07066881369
36,15.839874778468229,1.9365270473305447,22.096681595111818,2.7014620589441245,22.502598855814476,2.516523892712811,21.69912877394829,2.627997253204235,0.0,1.0,44.15591850581919,35.65718517539579,758643.0000000001,1.0,16.7119341907513,16.81976713262392,5100.19031905443,582.1103116176728,5161.058171751,556.3725611849098,0.0,1.0,22.158276251121542,2.536550927946325,0.0,1.0,758643.0000000001,1.0,0.0,1.0,0.0,1.0,0.0,1.0,59911.43532224147,12009.69413190534,753542.8096809456,582.1103116176688,5270.2,9913.125273890026,758643.0000000001,1.0,94059.21556524494,74948.2199706317
37,15.68046309480474,1.9669308129020355,21.87430176877044,2.743875405826866,22.288380513796096,2.580758265877825,21.491065773518415,2.686021084560916,0.0,1.0,46.43900671803241,35.1075728902354,758643.0000000001,1.0,16.95379231206928,16.678117782236125,5036.797520024328,605.8434743386485,5100.19031905443,582.1103116176728,0.0,1.0,21.951335418557104,2.6154745935874333,0.0,1.0,758643.0000000001,1.0,0.0,1.0,0.0,1.0,0.0,1.0,60444.48353117065,11256.200050741774,753606.2024799758,605.843474338644,5270.2,9913.125273890026,758643.0000000001,1.0,96198.3300183341,73423.01737136289
38,15.5220347624095,1.9808019807986572,21.653293707660765,2.7632257223792154,22.07190297563005,2.624803231253477,21.288745094593573,2.730109627682378,0.0,1.0,53.088673028511266,44.18047240261072,758643.0000000001,1.0,17.169391407104037,16.538443133263257,4966.539455588712,635.910593308727,5036.797520024328,605.8434743386485,0.0,1.0,21.74685094335268,2.686540513380125,0.0,1.0,758643.0000000001,1.0,0.0,1.0,0.0,1.0,0.0,1.0,60510.68292204945,11151.091112562337,753676.4605444113,635.9105933087177,4983.436273697624,9937.7937003809,758643.0000000001,1.0,97490.9125270638,72258.0186068174
39,15.369889057630221,1.980870528024773,21.441049926861396,2.7633213617076056,21.86631109268212,2.6463042116438262,21.08685666994481,2.743028093285013,0.0,1.0,58.659401661853174,47.78140977604471,758643.0000000001,1.0,17.71518537809185,16.280217061609495,4890.164868548767,669.5691211444004,4966.539455588712,635.910593308727,0.0,1.0,21.543287436096104,2.7320941818624567,0.0,1.0,758643.0000000001,1.0,0.0,1.0,0.0,1.0,0.0,1.0,60542.4499478853,11117.007252914696,753752.8351314513,669.5691211443917,4261.155657392589,9459.218988340182,758643.0000000001,1.0,97454.07203860297,72280.78504552336
40,15.219059074964779,1.9673038472686935,21.230641596599874,2.7443957939558636,21.66718105193054,2.644410389741228,20.89085525505234,2.733600235175339,0.0,1.0,63.53185166542554,49.0962270538991,758643.0000000001,1.0,18.276749177505078,15.987145588871938,4808.356267705837,704.3796491222632,4890.164868548767,669.5691211444004,0.0,1.0,21.34787312868975,2.7458222773586667,0.0,1.0,758643.0000000001,1.0,0.0,1.0,0.0,1.0,0.0,1.0,60410.81142073503,11298.417482470993,753834.6437322942,704.3796491222554,3134.5100153737685,7661.816127555012,758643.0000000001,1.0,97538.00322028223,72221.77640122516
41,15.066107654993866,1.9405214620169267,21.017273865781146,2.707034286143494,21.464224241733973,2.628189950285,20.68247624715127,2.7030517451412486,0.0,1.0,67.52909994853849,48.64906750503428,758643.0000000001,1.0,19.023282456202377,15.695036648115845,4721.803885301096,738.0599957628134,4808.356267705837,704.3796491222632,0.0,1.0,21.146149487664736,2.7355505289267983,0.0,1.0,758643.0000000001,1.0,0.0,1.0,0.0,1.0,0.0,1.0,59767.727678883646,11902.323416417668,753921.196114699,738.0599957628033,2106.9438807874685,5613.022529361136,758643.0000000001,1.0,97407.52081997697,72321.50791955747
42,14.914863536524393,1.9061659208507777,20.806287842347817,2.6591082273335602,21.257449322209492,2.594496498576668,20.4738090882966,2.656463120228452,0.0,1.0,68.50012844215385,48.75807890302751,758643.0000000001,1.0,20.59101417466772,16.503848090385144,4632.712742684274,772.7830437943819,4721.803885301096,738.0599957628134,0.0,1.0,20.942931264112566,2.70280340015045,0.0,1.0,758643.0000000001,1.0,0.0,1.0,0.0,1.0,0.0,1.0,59320.52473619909,12266.2476194591,754010.2872573158,772.7830437943713,1265.6438855801964,3532.0613496185674,758643.0000000001,1.0,97342.98702372676,72375.08094378636
43,14.76294589829316,1.8633633812326031,20.594362214273975,2.599398569338606,21.045835873828064,2.5412107518685665,20.260260433120756,2.5862303322863056,0.0,1.0,67.70915297649316,49.19490341702775,758643.0000000001,1.0,21.884123136027835,16.827826576093948,4543.119466571753,803.6491661632607,4632.712742684274,772.7830437943819,0.0,1.0,20.726395613810663,2.639019691444764,0.0,1.0,758643.0000000001,1.0,0.0,1.0,0.0,1.0,0.0,1.0,59024.83947403316,12455.074778240027,754099.8805334283,803.6491661632547,682.3401863200028,1758.304124082758,758643.0000000001,1.0,99281.35169367088,71401.7967958631
44,14.607668867300992,1.8064609721666431,20.377750229662166,2.5200195370056906,20.82776694829219,2.4759882530916344,20.043935660982193,2.4984777096627164,0.0,1.0,67.00232134430652,49.43804814036489,758643.0000000001,1.0,22.614512569044702,17.20217804674845,4453.502632658402,832.4935923419412,4543.119466571753,803.6491661632607,0.0,1.0,20.507036772061586,2.5586688293038873,0.0,1.0,758643.0000000001,1.0,0.0,1.0,0.0,1.0,0.0,1.0,58709.554774311386,12823.913061027366,754189.4973673417,832.4935923419366,384.1121242981419,812.6747936263813,758643.0000000001,1.0,100872.85759934127,69963.82147382453
45,14.448866823476655,1.7353247906762392,20.156220826624264,2.4207843568453624,20.60450920903385,2.397026094786515,19.8224484214975,2.3879189495799094,0.0,1.0,65.4872485073179,49.93108195396506,758643.0000000001,1.0,23.371041676238324,17.54711621682492,4364.644342474846,859.287031596414,4453.502632658402,832.4935923419412,0.0,1.0,20.282722938730604,2.4673857442818976,0.0,1.0,758643.0000000001,1.0,0.0,1.0,0.0,1.0,0.0,1.0,57963.13164732968,13040.16669965107,754278.3556575252,859.2870315964161,336.8666666666667,791.4573753569314,758643.0000000001,1.0,101971.17519136202,68903.48535938913
46,14.290899625541256,1.6478002590194984,19.935855995558082,2.2986873433305908,20.381113294570447,2.299125516498245,19.611867373938992,2.270245243965824,0.0,1.0,65.66502931492661,49.922261714829936,758643.0000000001,1.0,23.93273479689974,17.638467888867257,4275.04657836302,885.5218212158373,4364.644342474846,859.287031596414,0.0,1.0,20.058119859822607,2.3529975104286236,0.0,1.0,758643.0000000001,1.0,0.0,1.0,0.0,1.0,0.0,1.0,56805.567624017436,12715.927692366433,754367.9534216371,885.5218212158405,335.8534348337316,791.8825931997903,758643.0000000001,1.0,102669.5686063213,68199.94234002227
47,14.133232058278324,1.5357124593561926,19.715909141498848,2.1423244250696296,20.16039733135749,2.1787614011547,19.40095832085932,2.1237493871410082,0.0,1.0,66.48015243482561,49.57695589060727,758643.0000000001,1.0,24.139620209790714,17.54762032923111,4184.426805718404,908.4194610269138,4275.04657836302,885.5218212158373,0.0,1.0,19.835730545163642,2.222697900981635,0.0,1.0,758643.0000000001,1.0,0.0,1.0,0.0,1.0,0.0,1.0,55799.48211646843,12742.817021054701,754458.5731942817,908.4194610269195,335.0238707721101,792.2325484344087,758643.0000000001,1.0,103235.86697612704,67578.39772591092
48,13.974966063228555,1.3953480567059096,19.49512746661818,1.9465155272922505,19.941875526650026,2.032792346185809,19.190957764437698,1.9399925754850798,0.0,1.0,67.06366772858965,49.35259201132933,758643.0000000001,1.0,24.840779466139544,17.441074599930445,4092.522358523674,928.9244857654979,4184.426805718404,908.4194610269138,0.0,1.0,19.61907078740563,2.0653116783468657,0.0,1.0,758643.0000000001,1.0,0.0,1.0,0.0,1.0,0.0,1.0,54708.08155576689,12908.437969148292,754550.4776414764,928.9244857655036,334.3446811632123,792.5202834224721,758643.0000000001,1.0,102892.60480658174,68026.50342666244
49,13.813364141815077,1.2249623203867865,19.269692162327352,1.7088267684210374,19.71829046579991,1.85601212870777,18.977730915995483,1.7298758002672647,0.0,1.0,67.43527228778011,49.096491179905385,758643.0000000001,1.0,25.5138461376681,17.010290901121714,3999.573240098226,944.8003641707671,4092.522358523674,928.9244857654979,0.0,1.0,19.39980332119685,1.8946374463370192,0.0,1.0,758643.0000000001,1.0,0.0,1.0,0.0,1.0,0.0,1.0,54224.03624649632,12766.57329366043,754643.4267599018,944.8003641707684,333.78860774323664,792.7566750325295,758643.0000000001,1.0,102796.62255098393,68148.36043110228
50,13.667119962752109,1.0357212686904647,19.065680988336005,1.4448348050958681,19.505798881243763,1.6402891332116956,18.77371990025265,1.4932093044698818,0.0,1.0,67.81361191781274,48.76389296065043,758643.0000000001,1.0,25.895472476186654,16.66678956559513,3905.8641557042265,954.8485200808805,3999.573240098226,944.8003641707671,0.0,1.0,19.185260525072593,1.6807771163162655,0.0,1.0,758643.0000000001,1.0,0.0,1.0,0.0,1.0,0.0,1.0,55220.81916575922,14109.612255997356,754737.1358442958,954.8485200808839,333.33333333333337,792.950761344385,758643.0000000001,1.0,103246.19988451895,67616.49442664333
51,13.545393700866986,0.8256485528003417,18.895872383738052,1.1517825176306073,19.32659653192671,1.406554533897406,18.60082887559649,1.2082777184786992,0.0,1.0,67.56469561291183,49.04721773421521,758643.0000000001,1.0,26.085192582842076,16.471691470889056,3812.2142675084724,957.7024613931793,3905.8641557042265,954.8485200808805,0.0,1.0,19.00717186530381,1.4522686389573172,0.0,1.0,758643.0000000001,1.0,0.0,1.0,0.0,1.0,0.0,1.0,57287.44489286123,16925.230120927612,754830.7857324916,957.7024613931869,333.33333333333337,792.950761344385,758643.0000000001,1.0,102636.8831566997,68112.27509185686
52,13.457932780577401,0.6329028693596626,18.773864055117286,0.8829014702878278,19.184793904866567,1.158645339271958,18.468848668850423,0.9350100986178034,0.0,1.0,67.66524631867938,48.933218444063975,758643.0000000001,1.0,25.9332041579218,16.579721968254653,3718.6158170318713,953.9670135528654,3812.2142675084724,957.7024613931793,0.0,1.0,18.866281050126215,1.2013874630494457,0.0,1.0,758643.0000000001,1.0,0.0,1.0,0.0,1.0,0.0,1.0,58991.644563462374,19903.491018941622,754924.3841829682,953.9670135528718,333.33333333333337,792.950761344385,758643.0000000001,1.0,99798.6388740512,68885.10679277832
53,13.4023539710784,0.49676437857217803,18.696331417725453,0.6929877631048117,19.079197739655022,0.929002449296404,18.37619557150877,0.7206937962403945,0.0,1.0,67.36422798160383,49.286209756450155,758643.0000000001,1.0,25.20081552445094,16.954938569471672,3626.0507735258166,943.7898201250958,3718.6158170318713,953.9670135528654,0.0,1.0,18.750505118982844,0.9666118623339329,0.0,1.0,758643.0000000001,1.0,0.0,1.0,0.0,1.0,0.0,1.0,60255.6296290528,21716.569045472796,755016.9492264743,943.789820125105,333.33333333333337,792.950761344385,758643.0000000001,1.0,96397.70959721072,69336.39899558887
54,13.374773067640167,0.42767962900787315,18.657855961136576,0.5966143068671325,19.013090676603536,0.7814025599018337,18.32303946577088,0.5874632570538857,0.0,1.0,68.06102497155067,48.76487914945983,758643.0000000001,1.0,24.686224887853015,17.258193315589033,3533.3035236664127,928.8236851457528,3626.0507735258166,943.7898201250958,0.0,1.0,18.671311939832616,0.792412812126795,0.0,1.0,758643.0000000001,1.0,0.0,1.0,0.0,1.0,0.0,1.0,60675.005348871404,22199.938694258155,755109.6964763337,928.8236851457689,333.33333333333337,792.950761344385,758643.0000000001,1.0,91758.9852768536,68752.70201823156
55,13.359059501445635,0.39092498498812367,18.635935486814407,0.5453414872330974,18.966386247896335,0.6753005542185658,18.29531762942572,0.5151968483091313,0.0,1.0,68.713928365254,48.1706494094562,758643.0000000001,1.0,24.40522523452864,17.400301617976886,3440.1843700666304,908.1452180417433,3533.3035236664127,928.8236851457528,0.0,1.0,18.61315545897763,0.6523843964512007,0.0,1.0,758643.0000000001,1.0,0.0,1.0,0.0,1.0,0.0,1.0,60489.92649221012,22078.33485302007,755202.8156299334,908.1452180417624,333.33333333333337,792.950761344385,758643.0000000001,1.0,85466.02518802263,65543.44067470172
56,13.353736359668103,0.3827584312314701,18.62850970956806,0.5339491605299501,18.93597248942161,0.6242128513063819,18.284073113040165,0.4943432938616489,0.0,1.0,68.68901893044722,48.191630913917066,758643.0000000001,1.0,24.213843485853854,17.533251692863715,3347.2815076503293,881.4959240842437,3440.1843700666304,908.1452180417433,0.0,1.0,18.574200083632732,0.5766659789693354,0.0,1.0,758643.0000000001,1.0,0.0,1.0,0.0,1.0,0.0,1.0,59448.6492154406,21677.238208060826,755295.7184923497,881.495924084261,333.33333333333337,792.950761344385,758643.0000000001,1.0,77478.7010738382,57706.36607460255
57,13.350851276580554,0.3794053568074319,18.624485030451723,0.5292716373420574,18.914786337492956,0.5986790853414772,18.28431708311412,0.4946089702816892,0.0,1.0,70.04474291664437,47.47042637088723,758643.0000000001,1.0,24.285921466352733,17.480249757757026,3252.950843267332,849.3410783326983,3347.2815076503293,881.4959240842437,0.0,1.0,18.553468853321206,0.5556227195509875,0.0,1.0,758643.0000000001,1.0,0.0,1.0,0.0,1.0,0.0,1.0,58478.41274172161,21664.309243903055,755390.0491567327,849.3410783327201,333.33333333333337,792.950761344385,758643.0000000001,1.0,70621.52367454121,50988.67439188755
58,13.353406507998779,0.38171867783732016,18.628049601308074,0.5324987413903935,18.902824171639026,0.5873113119442465,18.29250052882673,0.5026942994064367,0.0,1.0,67.75510603562792,46.22332543712983,758643.0000000001,1.0,24.543936633769164,17.214837881907858,3160.651800597935,817.5207837715701,3252.950843267332,849.3410783326983,0.0,1.0,18.545646704197782,0.5473042117451019,0.0,1.0,758643.0000000001,1.0,0.0,1.0,0.0,1.0,0.0,1.0,57746.784893377466,21795.752644367207,755482.3481994021,817.5207837715894,487.5261889661215,1111.6177901266467,758643.0000000001,1.0,64574.08004820922,45105.214613463904
59,13.35483115590084,0.3830736718807017,18.63003701073095,0.5343889835220037,18.895673936503265,0.5807326607160417,18.293956916166668,0.5040158540380144,0.0,1.0,65.39350340235913,45.95938773099592,758643.0000000001,1.0,22.693553093763306,15.459116844716679,3072.5647441018127,788.263320967542,3160.651800597935,817.5207837715701,0.0,1.0,18.544187066725854,0.5456342805944471,0.0,1.0,758643.0000000001,1.0,0.0,1.0,0.0,1.0,0.0,1.0,57383.88878674171,21826.39840569589,755570.4352558983,788.2633209675586,613.7686217775987,1259.551942801986,758643.0000000001,1.0,60385.58092827424,42612.85844997028
60,13.355046630120546,0.38324887255441764,18.630337592643496,0.5346333849403448,18.88961726652697,0.5756759869549056,18.291864203070226,0.5021057873649495,0.0,1.0,62.51619222873891,45.36305777550117,758643.0000000001,1.0,21.225934993355793,14.445755942452804,2988.8226168797178,761.5834804865577,3072.5647441018127,788.263320967542,0.0,1.0,18.54381698060071,0.54520600327021,0.0,1.0,758643.0000000001,1.0,0.0,1.0,0.0,1.0,0.0,1.0,57151.65558368895,21913.708950207307,755654.1773831203,761.5834804865686,717.1271838637359,1332.557440309567,758643.0000000001,1.0,57868.18591778479,42543.33490518748
61,13.351640520929202,0.3814894059873479,18.625586054060342,0.5321789172024486,18.874513682935916,0.5647624619010947,18.283879666629307,0.4962951136237844,0.0,1.0,60.285408925591135,45.318381837497434,758643.0000000001,1.0,19.928763012010812,13.72355764237042,2908.608444942116,736.0743411167872,2988.8226168797178,761.5834804865577,0.0,1.0,18.53361520188805,0.5355095407582765,0.0,1.0,758643.0000000001,1.0,0.0,1.0,0.0,1.0,0.0,1.0,57303.94548886117,21896.895850204855,755734.391555058,736.0743411167939,706.1621084701173,1315.4957491515866,758643.0000000001,1.0,53936.87525884536,39574.33673613192
62,13.337506030336398,0.3781145373704794,18.605868360415744,0.5274709579229304,18.851072080357326,0.5547227830460775,18.26911276409349,0.48977341278804754,0.0,1.0,58.49702946520082,45.63696453748692,758643.0000000001,1.0,18.865291616192142,13.262185389053522,2831.246123860723,710.360443650195,2908.608444942116,736.0743411167872,0.0,1.0,18.520757087048175,0.526996903376574,0.0,1.0,758643.0000000001,1.0,0.0,1.0,0.0,1.0,0.0,1.0,57887.9677470597,21855.33604454697,755811.7538761393,710.360443650205,697.1846640355433,1304.7814597116947,758643.0000000001,1.0,51361.01108721627,38600.30015291188
63,13.319543235338607,0.38249932532791636,18.580810163980164,0.5335877580162045,18.820364900222195,0.5521845842191871,18.24845044033991,0.4893813555176064,0.0,1.0,57.34937132152586,46.2230354021072,758643.0000000001,1.0,18.168188283721484,12.929876963424567,2755.7285642554757,682.4263802280154,2831.246123860723,710.360443650195,0.0,1.0,18.498714933799555,0.5189717654256077,0.0,1.0,758643.0000000001,1.0,0.0,1.0,0.0,1.0,0.0,1.0,58962.64542369765,22110.433629277893,755887.2714357446,682.426380228017,633.1101726300897,1289.6583030345512,758643.0000000001,1.0,48882.84819475188,37257.48764167388
64,13.29840806025722,0.3964232752604532,18.551326477772566,0.5530117479324728,18.78277812900479,0.5631227354033089,18.229864481402704,0.5008074512591804,0.0,1.0,56.590276309012665,46.494751270879384,758643.0000000001,1.0,18.76352946688597,12.875513177676574,2680.374758479577,651.310618053179,2755.7285642554757,682.4263802280154,0.0,1.0,18.474397177199357,0.5231661665670497,0.0,1.0,758643.0000000001,1.0,0.0,1.0,0.0,1.0,0.0,1.0,59418.01753324428,22380.484214977838,755962.6252415205,651.3106180531887,580.6504160286139,1282.060864042603,758643.0000000001,1.0,43970.990930281856,27875.56693658964
65,13.276079534515755,0.41776579595281244,18.520178062829416,0.582784675874634,18.745337970211324,0.589714516057683,18.2135670310368,0.5178417665731663,0.0,1.0,55.16634227185967,46.827578633371566,758643.0000000001,1.0,19.228864049179204,12.673819882705596,2605.979552158538,617.0790716910803,2680.374758479577,651.310618053179,0.0,1.0,18.454337960407035,0.5396586661690127,0.0,1.0,758643.0000000001,1.0,0.0,1.0,0.0,1.0,0.0,1.0,60173.45081607535,22665.338488265337,756037.0204478415,617.0790716910866,537.7,1279.1088731246275,758643.0000000001,1.0,40071.78530040587,19646.458303315372
66,13.258358708844552,0.43542376123604637,18.49545740857865,0.6074176367411989,18.715070533069603,0.6165902503819046,18.19576166686718,0.5386772068181476,0.0,1.0,54.03217202910213,47.31460010099662,758643.0000000001,1.0,19.645012608633493,12.364164651469437,2532.3023675208024,577.4388363131271,2605.979552158538,617.0790716910803,0.0,1.0,18.43516522947784,0.5599045456020222,0.0,1.0,758643.0000000001,1.0,0.0,1.0,0.0,1.0,0.0,1.0,61015.161915090524,22858.55755706654,756110.6976324792,577.4388363131349,537.7,1279.1088731246275,758643.0000000001,1.0,38176.71842115685,17349.77016291527
67,13.24268480466245,0.45281921499961353,18.473592222645888,0.6316843850259458,18.69194914583536,0.6396986038990986,18.179857314582794,0.5587222025635059,0.0,1.0,51.94276623392604,47.905628498398436,758643.0000000001,1.0,19.68138009257538,12.339373496632225,2460.678221194301,533.1685941612706,2532.3023675208024,577.4388363131271,0.0,1.0,18.419564427227243,0.5786264764048428,0.0,1.0,758643.0000000001,1.0,0.0,1.0,0.0,1.0,0.0,1.0,62644.13210453952,23930.59083074273,756182.3217788058,533.1685941612761,537.7,1279.1088731246275,758643.0000000001,1.0,39463.2374871714,21250.134220161573
68,13.220224939596603,0.4783008221277475,18.442260611973555,0.6672313201718976,18.665025670463077,0.6678696265218345,18.156199101272513,0.5901753341456722,0.0,1.0,46.006083545457216,38.879955277444,758643.0000000001,1.0,19.593031662786707,12.421079520919253,2395.079105986057,496.3778310000939,2460.678221194301,533.1685941612706,0.0,1.0,18.403453430783753,0.6001725529122556,0.0,1.0,758643.0000000001,1.0,0.0,1.0,0.0,1.0,0.0,1.0,64897.039137699365,25284.73815760291,756247.9208940141,496.37783100009443,537.7,1279.1088731246275,758643.0000000001,1.0,51656.13033788355,72438.07788338928
69,13.194280570373317,0.5020371910077662,18.40606811844222,0.7003436350482767,18.628814624684455,0.699178905000027,18.12144094152118,0.6296730342884989,0.0,1.0,40.88953118345555,31.683403505157443,758643.0000000001,1.0,19.02185637834519,12.876567678077906,2335.1677184242562,465.3330294383893,2395.079105986057,496.3778310000939,0.0,1.0,18.375559418372607,0.6375845781297327,0.0,1.0,758643.0000000001,1.0,0.0,1.0,0.0,1.0,0.0,1.0,66412.27256046735,25686.30580790052,756307.8322815758,465.33302943839243,537.7,1279.1088731246275,758643.0000000001,1.0,61930.01513228683,91969.13619190044
70,13.159231235304857,0.536855889365719,18.35717414248944,0.7489158501895463,18.581767506385734,0.7336146792574939,18.071666265663506,0.6820400427243627,0.0,1.0,36.39596222583975,24.995680683649333,758643.0000000001,1.0,20.347753809757073,14.714329478725356,2278.4240023886596,441.83016633663823,2335.1677184242562,465.3330294383893,0.0,1.0,18.33478621718573,0.6785049832827879,0.0,1.0,758643.0000000001,1.0,0.0,1.0,0.0,1.0,0.0,1.0,69424.37636739008,28100.317033559757,756364.5759976114,441.8301663366496,537.7,1279.1088731246275,758643.0000000001,1.0,74016.74176928577,111955.06164578526
71,13.119434981445474,0.5780095860569396,18.30165819712848,0.8063254031387594,18.526929109773633,0.7824030273586776,18.012829170797332,0.7563941742665564,0.0,1.0,33.67281821683772,19.366624387974955,758643.0000000001,1.0,21.136984295101964,15.521822176557393,2223.61419987672,425.84195461171726,2278.4240023886596,441.83016633663823,0.0,1.0,18.280525824506622,0.7391254462931472,0.0,1.0,758643.0000000001,1.0,0.0,1.0,0.0,1.0,0.0,1.0,72313.35224757901,29387.32739488389,756419.3858001233,425.84195461172425,537.7,1279.1088731246275,758643.0000000001,1.0,85130.09786089936,124521.77476234463
72,13.07747094492466,0.6203050454016539,18.243118189304184,0.8653277117053346,18.465369252958556,0.8411609888023495,17.94740691608472,0.8358735162937501,0.0,1.0,31.97304528022104,16.466934082587084,758643.0000000001,1.0,20.722473557137846,14.838084563238224,2170.918681039361,416.9702089080305,2223.61419987672,425.84195461171726,0.0,1.0,18.21503006965769,0.810012005884103,0.0,1.0,758643.0000000001,1.0,0.0,1.0,0.0,1.0,0.0,1.0,74495.29997655834,29590.537958211848,756472.0813189608,416.97020890802935,537.7,1279.1088731246275,758643.0000000001,1.0,94246.11921592533,130829.6668733672
73,13.03794398085661,0.6572496482455648,18.18797791099605,0.916865585969924,18.402662401698777,0.898735973465127,17.880018264094147,0.9099345224605646,0.0,1.0,31.772243448258255,16.527258925646375,758643.0000000001,1.0,20.56318272662031,14.595803167560344,2118.5832548644826,410.1978582202632,2170.918681039361,416.9702089080305,0.0,1.0,18.144595175173706,0.8863954306401628,0.0,1.0,758643.0000000001,1.0,0.0,1.0,0.0,1.0,0.0,1.0,75949.39690574723,29268.319312257387,756524.4167451356,410.1978582202628,537.7,1279.1088731246275,758643.0000000001,1.0,96546.89859554943,131403.46731907644
74,12.994582071112635,0.7008827837954643,18.12748787185803,0.9777339628923276,18.337689908628573,0.9674342782935099,17.809596597812774,0.986529056019068,0.0,1.0,31.073440815256447,16.594944582341842,758643.0000000001,1.0,20.358625191837042,14.330896623828146,2067.151188857389,405.60914954139616,2118.5832548644826,410.1978582202632,0.0,1.0,18.06981740953219,0.968335581612041,0.0,1.0,758643.0000000001,1.0,0.0,1.0,0.0,1.0,0.0,1.0,77672.60384686424,28583.110705328163,756575.8488111427,405.6091495413979,537.7,1279.1088731246275,758643.0000000001,1.0,100008.41511796774,131834.94549508012
75,12.94895525133845,0.7492564141827861,18.06383830585552,1.0452153096329146,18.27527157003162,1.0346757656644767,17.733160576750297,1.0731475169429718,0.0,1.0,31.246501834220208,16.587663878662777,758643.0000000001,1.0,19.319755510597503,13.828936210468763,2016.5849315125713,401.8155378855274,2067.151188857389,405.60914954139616,0.0,1.0,18.001479263487752,1.0416324114603825,0.0,1.0,758643.0000000001,1.0,0.0,1.0,0.0,1.0,0.0,1.0,79290.05983601576,27949.64790511467,756626.4150684875,401.81553788553333,4647.980077000738,22447.618428960708,758643.0000000001,1.0,103841.61705264749,132095.51798972473
76,12.898420621350324,0.8015295866757683,17.993342356971652,1.1181365101418652,18.207399706270614,1.1082536751356185,17.65577053616701,1.1480279951086345,0.0,1.0,29.612284107368513,15.43621499195619,758643.0000000001,1.0,18.453947634755043,13.635275152947793,1968.5186997704477,399.90490606374215,2016.5849315125713,401.8155378855274,0.0,1.0,17.929884675160817,1.1139013168314664,0.0,1.0,758643.0000000001,1.0,0.0,1.0,0.0,1.0,0.0,1.0,80966.83101450317,27228.563580483456,756674.4813002297,399.9049060637435,12209.501974696428,46330.103827378676,758643.0000000001,1.0,107999.94006153458,132176.74526421618
77,12.843867861789638,0.852602889849843,17.91724107299144,1.1893839321255395,18.135062873745106,1.1812063419013112,17.57691440502538,1.2157552839672743,0.0,1.0,28.083222345497912,14.793325578691325,758643.0000000001,1.0,18.04027191108472,13.784500915354684,1922.395205513865,398.22614648224237,1968.5186997704477,399.90490606374215,0.0,1.0,17.856800972196254,1.1851130106944503,0.0,1.0,758643.0000000001,1.0,0.0,1.0,0.0,1.0,0.0,1.0,82391.63967436775,26155.933979037563,756720.6047944862,398.2261464822446,19929.759032691818,61151.67929502849,758643.0000000001,1.0,111321.58114701179,131644.88614470986
78,12.79062793104272,0.8954092234235678,17.842971209159945,1.2490988874966538,18.063383059428148,1.2448643537812933,17.496857942865653,1.2738430107716383,0.0,1.0,26.985513182661236,13.747789255852819,758643.0000000001,1.0,17.058716425850328,13.772341625337702,1878.3509759053534,398.1418779899646,1922.395205513865,398.22614648224237,0.0,1.0,17.779951035304755,1.2496392683430828,0.0,1.0,758643.0000000001,1.0,0.0,1.0,0.0,1.0,0.0,1.0,83986.06150360152,24711.629919834755,756764.6490240947,398.14187798996664,28114.535128705436,73564.62291474856,758643.0000000001,1.0,114638.66349032818,130312.1660247516
79,12.747101070232395,0.9258831977998554,17.782251101762675,1.291610190524071,18.007576584760578,1.2863804801008853,17.43453573516515,1.312072783839375,0.0,1.0,26.31183982245613,13.580695760175455,758643.0000000001,1.0,16.290697736295822,13.977291548003503,1835.7484383466015,398.0268097595842,1878.3509759053534,398.1418779899646,0.0,1.0,17.720939117243073,1.2940566812858376,0.0,1.0,758643.0000000001,1.0,0.0,1.0,0.0,1.0,0.0,1.0,85043.26595098611,23910.234409233122,756807.2515616535,398.02680975958026,36058.3058395463,82721.12942631837,758643.0000000001,1.0,116866.66038455891,129166.52084604169
80,12.700671845421985,0.9494373212054303,17.717482164149416,1.3244682951622098,17.949430682781294,1.319182500115495,17.378546872716136,1.3393192383692385,0.0,1.0,25.584458592626227,13.8625632696773,758643.0000000001,1.0,15.748818625307903,14.26980833031722,1794.4151611286675,396.5685733033423,1835.7484383466015,398.0268097595842,0.0,1.0,17.6647274627197,1.326848964608289,0.0,1.0,758643.0000000001,1.0,0.0,1.0,0.0,1.0,0.0,1.0,84160.21975119243,24314.492417308393,756848.5848388714,396.5685733033401,41050.02767812671,84958.2514117028,758643.0000000001,1.0,117292.96876519587,128898.04952686635
81,12.639676794016037,0.9660474894204536,17.6323938419159,1.347639563438912,17.87500849483116,1.341154204219966,17.299962059242723,1.3557430284925793,0.0,1.0,25.627590615329538,13.814799184509146,758643.0000000001,1.0,15.350879807089694,14.531480307960829,1753.436690706248,392.53765412922405,1794.4151611286675,396.5685733033423,0.0,1.0,17.591300377804263,1.3473852982861776,0.0,1.0,758643.0000000001,1.0,0.0,1.0,0.0,1.0,0.0,1.0,82133.41023321776,24814.574101871996,756889.5633092938,392.5376541292252,43593.167976584205,84828.8846929353,758643.0000000001,1.0,116681.9328654873,129317.7772528235
82,12.562751834700833,0.9670140506206766,17.52508325217628,1.3489879398532476,17.776088083734237,1.3421543481007379,17.20008415711447,1.3594082329512462,0.0,1.0,25.93802938419925,13.681789536390054,758643.0000000001,1.0,14.950041534417407,14.780129378661373,1712.5486197876314,386.8938395552866,1753.436690706248,392.53765412922405,0.0,1.0,17.49005911669813,1.343651883093476,0.0,1.0,758643.0000000001,1.0,0.0,1.0,0.0,1.0,0.0,1.0,79735.33213515348,25023.11462787206,756930.4513802124,386.8938395552863,45112.67792496136,84428.42053852466,758643.0000000001,1.0,115911.74253391371,129854.1377539638
83,12.473489987482955,0.9596489407674443,17.400562664006817,1.338713600142344,17.65167359560482,1.3264974992414087,17.0883591042032,1.3539810730348152,0.0,1.0,26.193185808281847,13.391089187893101,758643.0000000001,1.0,14.750339237085965,14.940951565593462,1671.6050947422636,378.2050635678528,1712.5486197876314,386.8938395552866,0.0,1.0,17.37790284865538,1.336696624050151,0.0,1.0,758643.0000000001,1.0,0.0,1.0,0.0,1.0,0.0,1.0,77436.14572088189,25553.106751618823,756971.3949052579,378.20506356784824,45671.03333333334,84174.7945410737,758643.0000000001,1.0,115170.07338171914,130375.67878733399
84,12.368335291027822,0.9487274397326624,17.253871527886538,1.3234780837603046,17.509627969390145,1.3053930160977112,16.95484066859852,1.342441582419072,0.0,1.0,25.178564987300195,13.249089261721629,758643.0000000001,1.0,14.505314846616981,15.12345960525564,1631.9212149083464,368.58527890752856,1671.6050947422636,378.2050635678528,0.0,1.0,17.249617523041668,1.3212061745768153,0.0,1.0,758643.0000000001,1.0,0.0,1.0,0.0,1.0,0.0,1.0,75986.30828108115,25974.43782926604,757011.0787850918,368.5852789075313,45671.03333333334,84174.7945410737,758643.0000000001,1.0,114671.50922049838,130729.26778708701
85,12.259681743869125,0.9352604880220605,17.102299488985135,1.3046916819243335,17.35735374744047,1.2845843875482068,16.807246872074327,1.320918368000425,0.0,1.0,24.472127999846986,13.242614317892977,758643.0000000001,1.0,14.138689915335142,15.321838553326844,1593.3103969931644,358.10432829618264,1631.9212149083464,368.58527890752856,0.0,1.0,17.105623225810117,1.3083180786529884,0.0,1.0,758643.0000000001,1.0,0.0,1.0,0.0,1.0,0.0,1.0,75499.7573197129,26190.063773284302,757049.6896030069,358.1043282961846,45671.03333333334,84174.7945410737,758643.0000000001,1.0,114533.19628186904,130827.03132234492
86,12.152828519351475,0.930379296251523,16.953238896042354,1.2978823861756394,17.209387325575893,1.2789527879271034,16.66237442109966,1.3074562171049353,0.0,1.0,23.851548521355138,13.452960676877606,758643.0000000001,1.0,14.029698626784517,15.36599883210489,1555.4291498450248,346.34152011142027,1593.3103969931644,358.10432829618264,0.0,1.0,16.965709373285314,1.3050367216863228,0.0,1.0,758643.0000000001,1.0,0.0,1.0,0.0,1.0,0.0,1.0,75654.41407803538,26062.931961400125,757087.5708501551,346.34152011142476,45671.03333333334,84174.7945410737,758643.0000000001,1.0,114647.80661390675,130742.94144040903
87,12.045585408811904,0.9268791145761066,16.80363440773174,1.2929995678179333,17.060678672129715,1.2844402184720856,16.51796446888592,1.3014945776961937,0.0,1.0,21.77745284818486,11.532776894017495,758643.0000000001,1.0,13.881031681784476,15.398978517545645,1519.7706653150553,335.75866122426766,1555.4291498450248,346.34152011142027,0.0,1.0,16.83113831085669,1.3165718412224479,0.0,1.0,758643.0000000001,1.0,0.0,1.0,0.0,1.0,0.0,1.0,76079.00710403711,25641.427054415683,757123.229334685,335.7586612242769,45671.03333333334,84174.7945410737,758643.0000000001,1.0,114673.641058305,130724.21330112261
88,11.941045401956405,0.907769994261132,16.657800747938953,1.266342217064072,16.91831851999402,1.2672160430283186,16.370016089484842,1.274857640614103,0.0,1.0,19.882108809968727,9.69245031982328,758643.0000000001,1.0,13.743167871377167,15.443784682970517,1486.1453886337094,326.0104768159756,1519.7706653150553,335.75866122426766,0.0,1.0,16.687521239199935,1.3068824675054505,0.0,1.0,758643.0000000001,1.0,0.0,1.0,0.0,1.0,0.0,1.0,76940.43829105792,24928.663106969252,757156.8546113664,326.0104768159807,45516.84047770055,84256.77148920351,758643.0000000001,1.0,114903.5507431875,130561.6997491017
89,11.83727653590742,0.8738635875909313,16.513042807088578,1.219042592078812,16.77993558179907,1.2227689271953794,16.229604962629157,1.2342621433319478,0.0,1.0,18.742206973400712,9.726560655876627,758643.0000000001,1.0,13.579430238629596,15.50147564855752,1453.8237514216792,315.770007124909,1486.1453886337094,326.0104768159756,0.0,1.0,16.543015085918547,1.2668611244536228,0.0,1.0,758643.0000000001,1.0,0.0,1.0,0.0,1.0,0.0,1.0,77424.8553100796,24532.006826955778,757189.1762485784,315.7700071249036,45390.59804488908,84324.26135952737,758643.0000000001,1.0,114995.75081826467,130496.89575655902
90,11.731507427466608,0.8369740031724991,16.36549453083374,1.1675814299267955,16.644220382773884,1.1614534339605527,16.087916591964408,1.1831756048641435,0.0,1.0,17.763220009914257,10.03349754367535,758643.0000000001,1.0,13.400006708600971,15.576195897885288,1422.660524703164,304.5943613527893,1453.8237514216792,315.770007124909,0.0,1.0,16.393318864694812,1.2125247485474444,0.0,1.0,758643.0000000001,1.0,0.0,1.0,0.0,1.0,0.0,1.0,78043.56113333312,23934.641471281266,757220.3394752969,304.5943613527788,45287.239482802936,84379.76669446213,758643.0000000001,1.0,115110.01753013558,130414.58835422221
91,11.626770946445053,0.8049028091825172,16.219386775601546,1.1228419304885362,16.506429762775944,1.109787111612434,15.943470943475603,1.1398331506506985,0.0,1.0,16.846987785524508,10.24215428051243,758643.0000000001,1.0,13.259247820834453,15.63908673706285,1392.554289096805,292.4397386552139,1422.660524703164,304.5943613527893,0.0,1.0,16.240946921751338,1.175635537835535,0.0,1.0,758643.0000000001,1.0,0.0,1.0,0.0,1.0,0.0,1.0,78749.16359672474,23607.987352020173,757250.4457109033,292.4397386551996,45202.616649429096,84425.3773977726,758643.0000000001,1.0,118561.00056912778,129365.68918453224
92,11.52544233019615,0.7885647520787477,16.07803300974402,1.1000503082748398,16.37002343524679,1.0764057903460391,15.798726372614956,1.1101233408703985,0.0,1.0,16.06836764398268,10.50635303076679,758643.0000000001,1.0,13.07753880011288,15.720493655517869,1363.131177717284,279.3798479695301,1392.2770841613794,292.7573350400471,0.0,1.0,16.09020487587617,1.1423214622815,0.0,1.0,758643.0000000001,1.0,0.0,1.0,0.0,1.0,0.0,1.0,79216.39488145438,23461.70283560706,757279.8688222828,279.37984796951747,45133.333333333336,84462.83189483453,758643.0000000001,1.0,121422.58199502263,128244.85263894875
93,11.42609810860748,0.7881203159340326,15.939447465818912,1.0994303701398407,16.23176441062402,1.070469337095017,15.65535309131923,1.0993577325245725,0.0,1.0,15.5047335247027,10.84528999148478,758643.0000000001,1.0,12.707380678047855,15.826093846866959,1334.4149023735697,265.1725958896916,1362.62701657632,279.93968079607276,0.0,1.0,15.939567201028742,1.1301545059893134,0.0,1.0,758643.0000000001,1.0,0.0,1.0,0.0,1.0,0.0,1.0,78639.52424818209,23664.0954714622,757308.5850976266,265.17259588967477,45133.333333333336,84462.83189483453,758643.0000000001,1.0,123427.47091337034,127278.38575867172
94,11.330028059551413,0.7975457525414401,15.805429403847898,1.1125789681183416,16.095958652728942,1.0861106817629853,15.517468192486264,1.0978697792599377,0.0,1.0,14.761012351169086,10.611954015173152,758643.0000000001,1.0,11.91023568560471,15.722005944876585,1307.0536771707564,251.72579453688456,1333.7249252075303,265.9145276965603,0.0,1.0,15.793134629737272,1.1338918986905195,0.0,1.0,758643.0000000001,1.0,0.0,1.0,0.0,1.0,0.0,1.0,77726.63748984909,24181.342384210016,757335.9463228293,251.72579453686416,45133.333333333336,84462.83189483453,758643.0000000001,1.0,124898.85820566803,126447.95849521714
95,11.237551609588683,0.8088332302002302,15.676424413449546,1.1283251262030534,15.961572925791838,1.116139727086383,15.381230699775006,1.1017481860522345,0.0,1.0,14.15210495468187,10.58900541497384,758643.0000000001,1.0,11.678621509805357,15.640181745630384,1280.3808402460854,238.72706707547684,1306.2115667105727,252.60157138490194,0.0,1.0,15.653473466998024,1.1436736049741743,0.0,1.0,758643.0000000001,1.0,0.0,1.0,0.0,1.0,0.0,1.0,76584.55189543977,24901.065273839016,757362.619159754,238.72706707545268,45133.333333333336,84462.83189483453,758643.0000000001,1.0,126012.00131690099,125747.07527913779
96,11.139026176614019,0.8183137435845471,15.53898108193034,1.1415505471079315,15.82437970417195,1.140341448858424,15.242617521508159,1.1083776396889151,0.0,1.0,13.695771535153279,10.70963095952781,758643.0000000001,1.0,11.460860000061523,15.61368368765543,1254.257542044204,225.2799892868933,1279.414173579419,239.69973747335763,0.0,1.0,15.511126210432117,1.1592184294100576,0.0,1.0,758643.0000000001,1.0,0.0,1.0,0.0,1.0,0.0,1.0,76637.84390521608,24906.50901059178,757388.7424579558,225.27998928687018,45133.333333333336,84462.83189483453,758643.0000000001,1.0,127532.29287172057,124848.38470782891
97,11.032387621941576,0.8378098923882183,15.39021991163327,1.1687478021003164,15.671853173964337,1.1792760509342908,15.095199596997137,1.1219752233245992,0.0,1.0,13.619175407579418,10.755247067939735,758643.0000000001,1.0,11.541105454468841,15.623102294245408,1228.130594515489,210.2860268649389,1253.2908753775373,226.19500119816166,0.0,1.0,15.357172992851908,1.1877833931502115,0.0,1.0,758643.0000000001,1.0,0.0,1.0,0.0,1.0,0.0,1.0,77249.03071454272,25739.720275215168,757414.8694054845,210.2860268649193,45133.333333333336,84462.83189483453,758643.0000000001,1.0,126677.584811058,125027.05114016132
98,10.922865480402523,0.8692029757637086,15.237436118476717,1.2125412996622256,15.512701474177359,1.2293379951984154,14.942092510986363,1.1554079526339507,0.0,1.0,13.14543579466794,10.60807317545944,758643.0000000001,1.0,11.694716941937129,15.602038016272653,1202.3237751122174,194.367012459303,1227.1639278488226,211.1422842386573,0.0,1.0,15.194499119927116,1.2306552097422983,0.0,1.0,758643.0000000001,1.0,0.0,1.0,0.0,1.0,0.0,1.0,77762.42977769511,26593.356986655475,757440.6762248878,194.3670124592769,45133.333333333336,84462.83189483453,758643.0000000001,1.0,115415.77167294212,112408.72736969446
99,10.809402138094873,0.8936392338878262,15.079154343810385,1.2466299850792528,15.349206095166393,1.2767063139433374,14.787173647351278,1.188360052970716,0.0,1.0,12.933493102789644,10.640034424494537,758643.0000000001,1.0,11.98521356365389,15.476462588848397,1169.4413668573293,189.3679006794148,1194.3600735237728,207.87768117751185,0.0,1.0,15.033460158968955,1.2785704561980737,0.0,1.0,758643.0000000001,1.0,0.0,1.0,0.0,1.0,0.0,1.0,78320.01099055463,27135.17631278761,757473.5586331427,189.36790067939552,45133.333333333336,84462.83189483453,758643.0000000001,1.0,105513.76628995003,102597.22800017563
100,10.703812273938714,0.9163624668399294,14.93185612127121,1.278328975379405,15.189945111293795,1.3105562811825058,14.633757478859332,1.2314874367007373,0.0,1.0,12.7695278939355,10.69251706884992,758643.0000000001,1.0,10.371369208740669,12.799306151750478,1131.1647030729996,206.79995015015362,1154.3056001756756,220.9855655975965,0.0,1.0,14.865969031175135,1.3260560894176272,0.0,1.0,758643.0000000001,1.0,0.0,1.0,0.0,1.0,0.0,1.0,77974.86653596655,26460.867499575357,757511.835296927,206.79995015015163,45133.333333333336,84462.83189483453,758643.0000000001,1.0,96074.04306889274,84903.95937221123
101,10.611619371312575,0.9221156502442537,14.803246699231948,1.2863546968169335,15.049828879973978,1.3261423138066524,14.498769091149288,1.2661513083254923,0.0,1.0,11.698523029090659,9.576226211253353,758643.0000000001,1.0,9.050065204691917,10.705478255050561,1089.4083579026762,242.45756154618437,1110.1569461364588,251.3856920479871,0.0,1.0,14.716075439463475,1.3619576318930402,0.0,1.0,758643.0000000001,1.0,0.0,1.0,0.0,1.0,0.0,1.0,77375.8842930575,25508.89383901728,757553.5916420973,242.4575615461857,46538.475592214985,84035.65612081092,758643.0000000001,1.0,87711.0476883262,66870.92904883531
102,10.537382990113386,0.9055445903497781,14.699686671925747,1.263238031570247,14.938560406078713,1.3121353575197006,14.39429905215511,1.2618555530052777,0.0,1.0,10.60839303907378,8.401056317049186,758643.0000000001,1.0,7.887393881553854,9.1277648446695,1045.0972350420575,286.8822897881907,1063.593021962685,292.8319032986159,0.0,1.0,14.598567512047227,1.3588280460602469,0.0,1.0,758643.0000000001,1.0,0.0,1.0,0.0,1.0,0.0,1.0,76688.45416374742,24903.884168026256,757597.902764958,286.88228978819325,49973.45979155313,84173.76303117204,758643.0000000001,1.0,80796.45876737626,51959.75921052764
103,10.481714226682168,0.8703222831059269,14.622028543205612,1.214102830669226,14.85630365370207,1.273298423973693,14.323440564622187,1.2292652762437843,0.0,1.0,9.867078845172882,8.149706963115342,758643.0000000001,1.0,6.66783296902997,6.868880177961135,998.8108745098866,333.90133017628364,1015.3457863240895,338.34220485742236,0.0,1.0,14.519089537388709,1.3292748868753859,0.0,1.0,758643.0000000001,1.0,0.0,1.0,0.0,1.0,0.0,1.0,76159.46854725012,24763.493682721368,757644.1891254901,333.9013301762898,52785.786991888206,83855.36320543122,758643.0000000001,1.0,78588.66978980241,49772.72372811582
104,10.453751599414117,0.8426916888609353,14.583020574745923,1.17555806283051,14.813530650632966,1.2392972069900976,14.29201125254924,1.2021914091922885,0.0,1.0,9.23552673841092,8.120346283221975,758643.0000000001,1.0,5.574743692988649,4.221885528253857,953.6006040784871,373.2898307046143,968.4108745098866,376.957830823825,0.0,1.0,14.480603186130278,1.3012420120331658,0.0,1.0,758643.0000000001,1.0,0.0,1.0,0.0,1.0,0.0,1.0,75657.90865909589,24593.013829544092,757689.3993959216,373.28983070461993,55088.325758520245,83302.50704305162,758643.0000000001,1.0,76100.3771410168,47039.91443900766
105,10.455644769817507,0.8452859060292512,14.585661531851141,1.1791769740991913,14.808723401708441,1.2334871035840054,14.310210806197919,1.2249746749389534,0.0,1.0,8.141411671182947,6.919077623831028,758643.0000000001,1.0,5.213660371702557,4.219934383002106,909.8455320356015,405.31020623195366,923.2006040784871,408.78947579498754,0.0,1.0,14.483073109283215,1.304230703658102,0.0,1.0,758643.0000000001,1.0,0.0,1.0,0.0,1.0,0.0,1.0,77057.25676306903,26664.518565705126,757733.1544679644,405.310206231962,52863.2049799154,82302.96418091125,758643.0000000001,1.0,72163.1878041248,43913.776641439705
106,10.485847863798414,0.8945854313401912,14.627794936329941,1.2479499674985306,14.84755179216363,1.2924738515228822,14.358565317117012,1.299701707630298,0.0,1.0,7.580682526669848,6.872822680933629,758643.0000000001,1.0,4.918030352142094,4.265446978622653,866.9468191567896,431.29348646620855,879.4455320356016,435.0722445032677,0.0,1.0,14.530160594486759,1.3783106896788309,0.0,1.0,758643.0000000001,1.0,0.0,1.0,0.0,1.0,0.0,1.0,82757.08796570492,43395.98392005836,757776.0531808432,431.2934864662205,53306.115365328085,83301.22843966402,758643.0000000001,1.0,67325.78932367399,40537.98173539783
107,10.533682683580253,0.9746456080570329,14.694524688886924,1.359634222121285,14.912506651574851,1.395683607483487,14.429606972270822,1.4147027563376982,0.0,1.0,7.178850711307346,6.954132064877417,758643.0000000001,1.0,4.675988963594898,4.333374738925658,824.6919794818874,452.26943186366833,836.5468191567896,456.4289484859816,0.0,1.0,14.600849908867087,1.49092028540438,0.0,1.0,758643.0000000001,1.0,0.0,1.0,0.0,1.0,0.0,1.0,88612.55040244738,54058.661639744554,757818.3080205182,452.269431863684,51490.06964358179,79800.35287403328,758643.0000000001,1.0,63232.47543577262,39222.51318705311
108,10.608004384400573,1.1133427198029635,14.79820373046845,1.5531172203950412,15.014732533554517,1.5772680400748431,14.530694660621423,1.5887302427401444,0.0,1.0,6.3719191026676185,6.282021984246535,758643.0000000001,1.0,4.576283749361948,4.407258669551262,783.3437766298579,469.3302895093766,794.2919794818874,473.50107585613665,0.0,1.0,14.701649124990874,1.6589761614535132,0.0,1.0,758643.0000000001,1.0,0.0,1.0,0.0,1.0,0.0,1.0,95426.07328033935,65282.430864925445,757859.6562233702,469.33028950939473,50442.92154252271,77334.16465811733,758643.0000000001,1.0,59785.814978852264,39344.35782259533
109,10.726288314139081,1.3702093657063377,14.963210240417144,1.9114470971340505,15.176687231866639,1.9238962673048492,14.66334771929167,1.841331774998261,0.0,1.0,5.711259379043587,5.846048306971476,758643.0000000001,1.0,4.523774542456588,4.453389064412124,742.7087427083577,482.8831225739168,752.9437766298578,487.16105253828124,0.0,1.0,14.83406600257762,1.9019622724413567,0.0,1.0,758643.0000000001,1.0,0.0,1.0,0.0,1.0,0.0,1.0,106552.88614101516,87634.18940763689,757900.2912572917,482.88312257393767,48342.94637518146,72777.8532261656,758643.0000000001,1.0,60678.59714523918,40222.883500594915
110,10.873054578863913,1.6670804082351318,15.167949701865409,2.325583190232871,15.389116347409086,2.3645300697592755,14.840474414720005,2.191049807310385,0.0,1.0,5.38134590475331,5.880832486789452,758643.0000000001,1.0,4.506389675526809,4.47053644266971,702.4210071280776,492.9833834643098,712.3087427083576,497.66984740200144,0.0,1.0,15.022311595913296,2.2754675077166735,0.0,1.0,758643.0000000001,1.0,0.0,1.0,0.0,1.0,0.0,1.0,117632.12407082607,101542.28578285855,757940.578992872,492.98338346433434,48135.71966276425,72487.41779480028,758643.0000000001,1.0,64567.17473347426,44099.42935464871
111,11.050519621750574,1.988797754445538,15.415514087379805,2.7743800245500574,15.636362820297407,2.81963863872224,15.058518649135127,2.5883727868237623,0.0,1.0,5.0000465896221185,5.845256892061282,758643.0000000001,1.0,4.49215615033323,4.48463000979532,662.5288043881221,499.97318747455586,672.0210071280775,504.9730920292093,0.0,1.0,15.241036529083567,2.670229021905051,0.0,1.0,758643.0000000001,1.0,0.0,1.0,0.0,1.0,0.0,1.0,126339.56440063311,106352.70852619047,757980.471195612,499.97318747458263,46942.76033045955,72302.2803751145,758643.0000000001,1.0,70623.14479287136,50127.94396187427
112,11.255681135171411,2.319808161299831,15.701715130859974,3.2361406814761016,15.919168004114043,3.2794481520199357,15.31834607661379,3.011945094048511,0.0,1.0,4.175206889498374,4.569625118290428,758643.0000000001,1.0,4.480502725532538,4.496205018577965,623.4730947730912,504.5715270566071,632.1288043881221,509.3420397945427,0.0,1.0,15.496766129961083,3.0871776832027997,0.0,1.0,758643.0000000001,1.0,0.0,1.0,0.0,1.0,0.0,1.0,134132.52365745776,108567.81244317212,758019.526905227,504.5715270566326,46458.35540837199,72360.34592771734,758643.0000000001,1.0,78860.20961565617,60358.068898209705
113,11.481032226422881,2.6277681996854083,16.016080694114663,3.6657459789333697,16.231684305219762,3.7072217810279224,15.609695681658035,3.4274146604321025,0.0,1.0,3.675709392948041,4.146706855577941,758643.0000000001,1.0,4.470961708269528,4.505705891709083,584.9264236718736,506.6220943415316,593.0730947730913,511.46073335585584,0.0,1.0,15.784760718346186,3.495515377699788,0.0,1.0,758643.0000000001,1.0,0.0,1.0,0.0,1.0,0.0,1.0,140471.1172677202,108340.48783640482,758058.0735763282,506.62209434155545,45900.00000000001,72661.48463992281,758643.0000000001,1.0,88421.84644991755,71705.55996764412
114,11.722435810517537,2.8953257343605925,16.352839555781575,4.038989730431518,16.564821055053013,4.082201138842568,15.938228336972285,3.828852938938816,0.0,1.0,3.2667554314368203,3.865477626027255,758643.0000000001,1.0,4.466666666666667,4.510047036308666,546.7930015737702,506.1436483824676,554.5264236718737,511.1175497192031,0.0,1.0,16.10496035926421,3.8904191680635076,0.0,1.0,758643.0000000001,1.0,0.0,1.0,0.0,1.0,0.0,1.0,144130.14401079906,106944.84083031699,758096.2069984264,506.1436483824951,45900.00000000001,72661.48463992281,758643.0000000001,1.0,97613.25411046045,79597.69893962493
115,11.97887711382116,3.140828649206169,16.71057607326683,4.3814671641010765,16.916851989609853,4.413140449191124,16.2879562568796,4.188735418897614,0.0,1.0,2.7885503834033267,3.2924881803534656,758643.0000000001,1.0,4.437990294036429,4.536426136796729,509.1664608963304,503.3351709168303,516.3930015737702,508.2894207028763,0.0,1.0,16.445468243189566,4.234135076867594,0.0,1.0,758643.0000000001,1.0,0.0,1.0,0.0,1.0,0.0,1.0,146686.46284638828,105706.43429834294,758133.8335391037,503.33517091686144,45900.00000000001,72661.48463992281,758643.0000000001,1.0,106844.25772968703,86431.44749871343
116,12.24953214960362,3.363821232021726,17.08814075795195,4.692542556713245,17.28807626815313,4.714135364891557,16.662389113808945,4.528317786185841,0.0,1.0,2.439226996053315,2.9904173110675405,758643.0000000001,1.0,4.223336248342412,4.590479806813797,472.1038976519347,498.33599457077275,478.76646089633044,503.1465562045579,0.0,1.0,16.810340795432698,4.561297532902351,0.0,1.0,758643.0000000001,1.0,0.0,1.0,0.0,1.0,0.0,1.0,149065.08187166418,104416.87125565755,758170.8961023481,498.33599457080584,45900.00000000001,72661.48463992281,758643.0000000001,1.0,116237.81405996431,92188.72853778445
117,12.538007358741638,3.574840433708417,17.490564635320723,4.986915052456817,17.68633657321336,4.9979619283570615,17.053623617530327,4.829894776005294,0.0,1.0,2.3431152589451347,3.0218213985305455,758643.0000000001,1.0,3.9424456802159087,4.582213794374421,435.4183367127737,490.93035058902717,441.7038976519347,495.8001803119303,0.0,1.0,17.191736409368964,4.853892653060781,0.0,1.0,758643.0000000001,1.0,0.0,1.0,0.0,1.0,0.0,1.0,151636.940535323,103022.82326849985,758207.5816632872,490.93035058906236,45900.00000000001,72661.48463992281,758643.0000000001,1.0,124512.2892853059,94678.49973420103
118,12.839422997525848,3.780017477538528,17.911040450472004,5.273137708729999,18.104923082873253,5.283223950226192,17.471552018227094,5.129874130080519,0.0,1.0,2.264425624042921,3.0519346656208954,758643.0000000001,1.0,3.7124719338411944,4.601789701696943,399.04143915488953,480.98557544859125,405.01833671277365,485.9879310855647,0.0,1.0,17.60160940842251,5.145791689478355,0.0,1.0,758643.0000000001,1.0,0.0,1.0,0.0,1.0,0.0,1.0,155090.68758855123,101894.73365976477,758243.9585608452,480.9855754486261,45900.00000000001,72661.48463992281,758643.0000000001,1.0,132781.34963598134,96854.28720671462
119,13.156004836366028,3.9796492698861696,18.352673179683972,5.551624718054994,18.538588280972114,5.559861640535026,17.897133703183574,5.4010822371008445,0.0,1.0,2.2,3.0794533671215687,758643.0000000001,1.0,3.514626564406914,4.630426037166686,362.92681259048265,468.33427971660245,368.64143915488955,473.5301494120113,0.0,1.0,18.018926818391172,5.4109239502839355,0.0,1.0,758643.0000000001,1.0,0.0,1.0,0.0,1.0,0.0,1.0,159015.33368461364,100558.76754478837,758280.0731874096,468.33427971663394,45900.00000000001,72661.48463992281,758643.0000000001,1.0,141233.22664640375,98414.0552821427
120,13.483423394895269,4.1527295179829276,18.80942316702544,5.793072239187004,18.992539108580054,5.827155534725713,18.341084718076818,5.65000350245475,0.0,1.0,2.1808824182465085,3.0916549566736693,758643.0000000001,1.0,3.3631939240350297,4.669754658949078,326.9827362482011,452.6526723683635,332.5268125904826,458.2021286424933,0.0,1.0,18.46355982322974,5.667183017248263,0.0,1.0,758643.0000000001,1.0,0.0,1.0,0.0,1.0,0.0,1.0,163757.83985126053,99289.50728616829,758316.017263752,452.652672368396,45900.00000000001,72661.48463992281,758643.0000000001,1.0,148928.67745916772,98112.79807247908
121,13.8250908349477,4.304999608468498,19.28605040837407,6.0054895566949895,19.467314546410517,6.059517127499832,18.804439958418165,5.863451237350649,0.0,1.0,2.1365538935102046,3.1137328298680655,758643.0000000001,1.0,3.2139531084955504,4.704339425062265,291.23222924619535,433.69681488631716,296.58273624820106,439.597402722338,0.0,1.0,18.928843450648593,5.883378888538521,0.0,1.0,758643.0000000001,1.0,0.0,1.0,0.0,1.0,0.0,1.0,168536.18100558425,98483.23190563476,758351.7677707539,433.69681488635393,45900.00000000001,72661.48463992281,758643.0000000001,1.0,151862.67637045297,98854.04216025368
122,14.173966838361297,4.421950146631783,19.772733631954644,6.168635949635436,19.951550618027383,6.239125865376294,19.27437177854076,6.021560058003649,0.0,1.0,2.0907019761932686,3.135378253852083,758643.0000000001,1.0,3.092211208798088,4.739730186361396,255.9265209966296,411.57334682136946,261.10943418162094,417.9220459823899,0.0,1.0,19.39613796243106,6.045393540059191,0.0,1.0,758643.0000000001,1.0,0.0,1.0,0.0,1.0,0.0,1.0,172687.90887135878,97189.63682353342,758387.0734790035,411.5733468214119,45900.00000000001,72661.48463992281,758643.0000000001,1.0,153389.41002611656,98604.82685951154
123,14.515642209002145,4.483023788341636,20.249371977646184,6.253833889999797,20.428293475897732,6.335823971850749,19.738964308351733,6.110208775494254,0.0,1.0,2.0531616013983043,3.1540112447890394,758643.0000000001,1.0,2.99253737157764,4.773271652137433,220.98498316461723,385.6694428855722,226.0306821375932,392.616656026222,0.0,1.0,19.85857124679862,6.135967558117472,0.0,1.0,758643.0000000001,1.0,0.0,1.0,0.0,1.0,0.0,1.0,177704.6492381356,95157.33172467847,758422.0150168354,385.6694428856153,45995.58790876746,72600.88089223637,758643.0000000001,1.0,153597.32756976067,98479.51541375084
124,14.835795359095922,4.4821666402936895,20.695986718491493,6.25263810920418,20.875871773238014,6.340814382645808,20.18085435199159,6.125006876834126,0.0,1.0,1.8121327427831835,3.0180481585833654,758643.0000000001,1.0,2.9144478184139833,4.803337848890082,186.54837976945947,355.6061804536499,191.27496033065665,362.85438825212367,0.0,1.0,20.30006347072649,6.1497220894625295,0.0,1.0,758643.0000000001,1.0,0.0,1.0,0.0,1.0,0.0,1.0,184693.31558207257,93239.9773486164,758456.4516202307,355.6061804536853,46169.43657806525,72493.10723512153,758643.0000000001,1.0,152682.3013560263,99339.33775864338
125,15.1401534221751,4.438348946917505,21.120567266471582,6.191512213049738,21.311043511777477,6.2844228221969445,20.603428701136018,6.0764245339244,0.0,1.0,1.621827969147723,2.9429077998577133,758643.0000000001,1.0,2.458603073798197,4.3768706444351,152.91005918669725,321.1723307469973,156.99049022964317,327.9274728925339,0.0,1.0,20.72981335633647,6.112204058603666,0.0,1.0,758643.0000000001,1.0,0.0,1.0,0.0,1.0,0.0,1.0,191231.56966376063,89930.37326354955,758490.0899408134,321.17233074702455,48319.117914117676,72031.52463631376,758643.0000000001,1.0,153052.9495917778,99022.69587728282
126,15.453572878840465,4.367594415531234,21.557788496571696,6.092809359119189,21.753554124555173,6.19255646128061,21.038172867497092,5.9931064655899196,0.0,1.0,1.4765690464528638,2.91057784553246,758643.0000000001,1.0,2.120553789212394,4.148712873201407,119.87960301769864,280.381476173231,123.4767258533639,287.0592033315657,0.0,1.0,21.175087481561324,6.040353712216237,0.0,1.0,758643.0000000001,1.0,0.0,1.0,0.0,1.0,0.0,1.0,196270.4071595367,87682.38541529501,758523.1203969824,280.3814761732598,50270.30395079648,71468.12669297,758643.0000000001,1.0,154060.60016036144,98384.14271669759
127,15.772478143490678,4.2535862809790235,22.002662464504834,5.933767590972615,22.208687336227136,6.040131688213338,21.484443841186476,5.859977647048935,0.0,1.0,1.2655696731621582,2.772783134484145,758643.0000000001,1.0,1.6379961842848783,3.4440282396717565,87.54270382691827,230.43539566585576,90.4462696843653,236.33377134554294,0.0,1.0,21.637620848562175,5.915975661902029,0.0,1.0,758643.0000000001,1.0,0.0,1.0,0.0,1.0,0.0,1.0,198943.61825396246,86474.77274917274,758555.4572961732,230.43539566587827,51972.94666364596,70834.84484348708,758643.0000000001,1.0,154017.6276476931,98413.79982158946
128,16.097448279542473,4.095579179818092,22.455996945790975,5.713347105408708,22.672186920633404,5.826041892413392,21.941276176126376,5.664897818849154,0.0,1.0,0.949436134217688,2.304584776383349,758643.0000000001,1.0,1.2429114329990663,2.862612144521429,55.91702292636818,163.56573061585078,58.10937049358494,168.43736289445152,0.0,1.0,22.111491798923726,5.7274578786030945,0.0,1.0,758643.0000000001,1.0,0.0,1.0,0.0,1.0,0.0,1.0,200395.85071942402,85590.80386225034,758587.0829770737,163.56573061585587,53618.55151400221,70155.99353078738,758643.0000000001,1.0,153722.27769637675,98654.41225333845
129,16.43071402847028,3.8985421978471866,22.920903844648933,5.438479816926665,23.149825426299643,5.555238791038999,22.410908931405856,5.4166065509894485,0.0,1.0,0.6723825932492787,1.8422188578411993,758643.0000000001,1.0,0.9194433970492061,2.3813721577161457,31.88889852451436,104.9691844430257,33.48072451481285,108.99576543926982,0.0,1.0,22.596005625229477,5.481656923811638,0.0,1.0,758643.0000000001,1.0,0.0,1.0,0.0,1.0,0.0,1.0,200754.8896045324,85227.46851091484,758611.1111014755,104.9691844430329,54930.69398594305,69483.46944093725,758643.0000000001,1.0,153615.0491138899,98755.97421522555
130,16.77695463588069,3.6689145085339243,23.40391070008034,5.118148404077386,23.639145973599575,5.232424188707942,22.89430689913927,5.10078214127394,0.0,1.0,0.4359915481325455,1.3894550822856262,758643.0000000001,1.0,0.598051348454148,1.7233170260145294,15.590622309581205,59.793311910959396,16.624665206167897,62.73797463472805,0.0,1.0,23.088750639397258,5.1586972260154385,0.0,1.0,758643.0000000001,1.0,0.0,1.0,0.0,1.0,0.0,1.0,201389.86883751376,84702.00321310833,758627.4093776905,59.79331191096632,55266.52402447826,69232.7162036495,758643.0000000001,1.0,150302.78188573947,101242.98219962801
131,17.12206420894153,3.4114054865404237,23.885339738283992,4.758922402666343,24.128045279028125,4.864384265513038,23.380465264818554,4.731097940398373,0.0,1.0,0.22333334798973953,0.8198432069898071,758643.0000000001,1.0,0.3349177944746407,1.0368112533223448,5.640128103657567,26.851158486841847,6.198379246121947,28.434827471285754,0.0,1.0,23.58084919411123,4.777319351451663,0.0,1.0,758643.0000000001,1.0,0.0,1.0,0.0,1.0,0.0,1.0,204313.30327581533,82883.40975552418,758637.3598718964,26.85115848684967,54066.00649303252,69778.04003055587,758643.0000000001,1.0,147635.10594951507,102982.24153090127
132,17.459221697898883,3.1370933389456854,24.355675625599563,4.376255964306969,24.604304317723123,4.4699358844717825,23.850949094964925,4.341777795294294,0.0,1.0,0.08438836609873145,0.3423900822209142,758643.0000000001,1.0,0.2003613625231881,0.7665466051425763,0.7707143150267604,4.172968860336661,1.0554640436486797,5.12667436878733,0.0,1.0,24.06065858005769,4.376736810346347,0.0,1.0,758643.0000000001,1.0,0.0,1.0,0.0,1.0,0.0,1.0,207375.25642991255,80094.45088210184,758642.2292856851,4.17296886034421,50759.873541780216,69726.82106608442,758643.0000000001,1.0,145735.73434974602,104324.03609535666
133,17.778415571597563,2.8487750332670396,24.800952233750486,3.9740508680919437,25.054333914820997,4.051988831806429,24.289390648444854,3.9428026757102153,0.0,1.0,0.0233770761288793,0.09225257488633133,758643.0000000001,1.0,0.09019587366008909,0.4940231459751684,0.00859008320572277,0.04704982342620652,0.12216303299469115,0.622221543010649,0.0,1.0,24.5053652352783,3.961550947420916,0.0,1.0,758643.0000000001,1.0,0.0,1.0,0.0,1.0,0.0,1.0,210725.84881057226,76375.95544514197,758642.9914099169,0.04704982344087445,47947.54634144514,70025.29560298451,758643.0000000001,1.0,144159.36478189012,105463.7285920132
134,18.080056163021037,2.5556729464803234,25.221741919292135,3.5651723956918304,25.477644994293,3.623205821741849,24.698313093303316,3.546110454343422,0.0,1.0,0.00859008320572277,0.04704982342620652,758643.0000000001,1.0,0.0,1.0,0.0,1.0,0.00859008320572277,0.04704982342620652,0.0,1.0,24.919074603853844,3.544413064014164,0.0,1.0,758643.0000000001,1.0,0.0,1.0,0.0,1.0,0.0,1.0,214512.11406910187,72193.02995077622,758643.0000000001,1.0,45645.0075748131,70441.02863007417,758643.0000000001,1.0,146497.2255757035,105030.59021090002
135,18.396237952153506,2.3004859590490345,25.66281660915863,3.209185605029548,25.920784026910905,3.2399958873630763,25.120457939238793,3.2188888878441984,0.0,1.0,0.0,1.0,758643.0000000001,1.0,0.0,1.0,0.0,1.0,0.0,1.0,0.0,1.0,25.344796150407113,3.1908756799542024,0.0,1.0,758643.0000000001,1.0,0.0,1.0,0.0,1.0,0.0,1.0,220118.48675076227,72257.4811073186,758643.0000000001,1.0,43759.84827641721,70894.2986270989,758643.0000000001,1.0,149769.91187509644,103436.97252486454
136,18.73598553760757,2.113616124289103,26.136765692241237,2.948501608112316,26.392356649240906,2.9536596476546735,25.58405574767913,2.9946238220555457,0.0,1.0,0.0,1.0,758643.0000000001,1.0,0.0,1.0,0.0,1.0,0.0,1.0,0.0,1.0,25.801081028067895,2.9645155607512135,0.0,1.0,758643.0000000001,1.0,0.0,1.0,0.0,1.0,0.0,1.0,224938.74851481937,79773.78684372589,758643.0000000001,1.0,35946.59181084375,60687.470252648665,758643.0000000001,1.0,152437.27617712496,101132.47243531041
137,19.098640620930993,1.978273510397505,26.6426707804331,2.759698266909259,26.925423889490855,2.8113153670614586,26.083786982514482,2.861418556204103,0.0,1.0,0.0,1.0,758643.0000000001,1.0,0.0,1.0,0.0,1.0,0.0,1.0,0.0,1.0,26.324082296756497,2.8938615553501723,0.0,1.0,758643.0000000001,1.0,0.0,1.0,0.0,1.0,0.0,1.0,233232.18095301703,94956.42928435,758643.0000000001,1.0,30313.607486176268,54676.43051874027,758643.0000000001,1.0,154655.30353025693,98744.54394823639
138,19.452680514602267,1.9035366645538447,27.136557600212825,2.6554401199011215,27.450516943710326,2.7601991355438495,26.582122299564787,2.79537370006465,0.0,1.0,0.0,1.0,758643.0000000001,1.0,0.0,1.0,0.0,1.0,0.0,1.0,0.0,1.0,26.852641824308215,2.9017014585960244,0.0,1.0,758643.0000000001,1.0,0.0,1.0,0.0,1.0,0.0,1.0,241519.21814837502,109714.42510540778,758643.0000000001,1.0,23474.511713683,42329.07283982293,758643.0000000001,1.0,156520.5014924784,96388.3188240888
139,19.77553322182102,1.9515078196137579,27.58693822129872,2.7223600895056683,27.941343462447346,2.9059679097399314,27.062406758522474,2.8176387691763294,0.0,1.0,0.0,1.0,758643.0000000001,1.0,0.0,1.0,0.0,1.0,0.0,1.0,0.0,1.0,27.380016373748195,3.031655212344327,0.0,1.0,758643.0000000001,1.0,0.0,1.0,0.0,1.0,0.0,1.0,245851.93593551219,119028.44161972322,758643.0000000001,1.0,18668.513324267056,31222.952461254794,758643.0000000001,1.0,153050.99903171833,99876.10213915525
140,20.051968817462612,1.981087552053648,27.972566850850402,2.7636239653924783,28.390810248951528,3.1136955235707804,27.47628613818718,2.847223937979765,0.0,1.0,0.0,1.0,758643.0000000001,1.0,0.0,1.0,0.0,1.0,0.0,1.0,0.0,1.0,27.863173715365658,3.2518029673262294,0.0,1.0,758643.0000000001,1.0,0.0,1.0,0.0,1.0,0.0,1.0,251115.87660275635,128849.91073186228,758643.0000000001,1.0,15957.219875832447,22247.68115351637,758643.0000000001,1.0,169751.0109015789,136516.23383712064
141,20.281133751429746,1.992780703424437,28.292252725604392,2.779936018545243,28.76413240360474,3.2181184195926003,27.8064629444564,2.815963600827047,0.0,1.0,0.0,1.0,758643.0000000001,1.0,0.0,1.0,0.0,1.0,0.0,1.0,0.0,1.0,28.25383807800849,3.3168119316746334,0.0,1.0,758643.0000000001,1.0,0.0,1.0,0.0,1.0,0.0,1.0,260428.99122521136,142486.8265519799,758643.0000000001,1.0,19560.562452756247,32672.51519764996,758643.0000000001,1.0,196488.16549912802,204853.3554112953
142,20.47869259707328,2.010537603982948,28.567848005358748,2.8047070023202867,29.072681180998323,3.269542489895193,28.08471884210513,2.7878935000260974,0.0,1.0,0.0,1.0,758643.0000000001,1.0,0.0,1.0,0.0,1.0,0.0,1.0,0.0,1.0,28.56997181525267,3.323904862919644,0.0,1.0,758643.0000000001,1.0,0.0,1.0,0.0,1.0,0.0,1.0,268503.89712153637,150099.098049025,758643.0000000001,1.0,22921.213330596962,38551.540295917344,758643.0000000001,1.0,215115.63204632548,234521.1301336795
143,20.662159657177906,2.029155872540761,28.823785210297117,2.830679595672578,29.368000821862445,3.3246671483540093,28.34381845370186,2.782578078515772,0.0,1.0,0.0,1.0,758643.0000000001,1.0,0.0,1.0,0.0,1.0,0.0,1.0,0.0,1.0,28.872731590065733,3.3512928465785325,0.0,1.0,758643.0000000001,1.0,0.0,1.0,0.0,1.0,0.0,1.0,279079.6170039473,158153.22068101563,758643.0000000001,1.0,26501.5808020412,41243.177780737205,758643.0000000001,1.0,227867.1269159502,249383.20569211987
144,20.83874745552482,2.0363329269648553,29.070125778673997,2.8406916829289917,29.651346228427958,3.357441582087681,28.58384304054947,2.7936192420557764,0.0,1.0,0.0,1.0,758643.0000000001,1.0,0.0,1.0,0.0,1.0,0.0,1.0,0.0,1.0,29.15331635965624,3.381156678385613,0.0,1.0,758643.0000000001,1.0,0.0,1.0,0.0,1.0,0.0,1.0,289265.2289991164,159883.23078588815,758643.0000000001,1.0,30077.83120453476,43458.00096506661,758643.0000000001,1.0,238005.53994591316,258178.47070835036
145,21.007801071649183,2.04514564284446,29.30595615449484,2.852985499836695,29.90896398935772,3.3547005005602997,28.81170924851628,2.799259671051817,0.0,1.0,0.0,1.0,758643.0000000001,1.0,0.0,1.0,0.0,1.0,0.0,1.0,0.0,1.0,29.41332904691803,3.378256887008754,0.0,1.0,758643.0000000001,1.0,0.0,1.0,0.0,1.0,0.0,1.0,297708.15418849816,158076.74943303855,758643.0000000001,1.0,32928.500455267305,44215.27075880373,758643.0000000001,1.0,236242.37292152565,257920.26752932472
146,21.175320048263078,2.060806060222111,29.539645691391186,2.874831797836102,30.16421562237079,3.357843174761078,29.04171480208948,2.8360884017676744,0.0,1.0,0.0,1.0,758643.0000000001,1.0,0.0,1.0,0.0,1.0,0.0,1.0,0.0,1.0,29.674309038182816,3.400848892186583,0.0,1.0,758643.0000000001,1.0,0.0,1.0,0.0,1.0,0.0,1.0,305078.52852005453,155040.59943441144,758643.0000000001,1.0,34038.69507688365,43775.91652436576,758643.0000000001,1.0,227758.54149623573,259747.88287539364
147,21.33754697170541,2.089200919885605,29.765952822504143,2.9144427194106846,30.408176304675333,3.3713228319333286,29.27450896845814,2.8821544651445734,0.0,1.0,0.0,1.0,758643.0000000001,1.0,0.0,1.0,0.0,1.0,0.0,1.0,0.0,1.0,29.933393961839567,3.4240606076826623,0.0,1.0,758643.0000000001,1.0,0.0,1.0,0.0,1.0,0.0,1.0,313367.9597742441,152233.14529918027,758643.0000000001,1.0,37674.623512686005,45352.731872847085,758643.0000000001,1.0,221017.66016464785,261189.0944269114
148,21.507454358707964,2.1518547190784454,30.00297422821143,3.001844960373854,30.64917349766153,3.418847335518051,29.508954293465017,2.9742366823877013,0.0,1.0,0.0,1.0,758643.0000000001,1.0,0.0,1.0,0.0,1.0,0.0,1.0,0.0,1.0,30.183199239117656,3.474674684070981,0.0,1.0,758643.0000000001,1.0,0.0,1.0,0.0,1.0,0.0,1.0,325298.5234109494,154841.20112396323,758643.0000000001,1.0,43620.73741909009,51517.70288499165,758643.0000000001,1.0,213540.96956159305,262735.8770020439
149,21.67135320022981,2.227774362105906,30.23161371736775,3.1077531385314434,30.894990030842884,3.498622637682896,29.749450063830242,3.0802493880436264,0.0,1.0,0.0,1.0,758643.0000000001,1.0,0.0,1.0,0.0,1.0,0.0,1.0,0.0,1.0,30.448234070354154,3.55050680638525,0.0,1.0,758643.0000000001,1.0,0.0,1.0,0.0,1.0,0.0,1.0,339150.36285297887,160133.65737387165,758643.0000000001,1.0,48144.38843625859,53476.328031090285,758643.0000000001,1.0,206896.470725281,263485.2119023419
150,21.850984075471725,2.3290789846497346,30.482199463998047,3.2490734731945,31.14650830931089,3.613319728071663,29.9940119518029,3.2066046875618444,0.0,1.0,0.0,1.0,758643.0000000001,1.0,0.0,1.0,0.0,1.0,0.0,1.0,0.0,1.0,30.701671077671698,3.6397167101092855,0.0,1.0,758643.0000000001,1.0,0.0,1.0,0.0,1.0,0.0,1.0,354298.1277543784,168447.45869098246,758643.0000000001,1.0,54043.24279093847,57585.00402108965,758643.0000000001,1.0,203602.59731147747,263457.58016063855
151,22.037173952320334,2.446044478876023,30.74193504951079,3.412240831221436,31.407499398452497,3.745490764840185,30.255675318400613,3.3620988816644326,0.0,1.0,0.0,1.0,758643.0000000001,1.0,0.0,1.0,0.0,1.0,0.0,1.0,0.0,1.0,30.96981928467343,3.7490406745713165,0.0,1.0,758643.0000000001,1.0,0.0,1.0,0.0,1.0,0.0,1.0,373775.01091845386,185503.1377236455,758643.0000000001,1.0,58891.93384079635,58984.55056578471,758643.0000000001,1.0,202732.3318320757,263449.9404662282
152,22.237233752020863,2.5706586008360475,31.02101922986841,3.5860780300259965,31.691335592140568,3.8905276379110054,30.545701123065086,3.533594730644015,0.0,1.0,0.0,1.0,758643.0000000001,1.0,0.0,1.0,0.0,1.0,0.0,1.0,0.0,1.0,31.264811919856303,3.867511953166035,0.0,1.0,758643.0000000001,1.0,0.0,1.0,0.0,1.0,0.0,1.0,400355.8114477403,215032.46766381132,758643.0000000001,1.0,73592.75067271308,90395.63624823416,758643.0000000001,1.0,202328.14852232827,263527.13313751004
153,22.458912688479984,2.6769716593568145,31.330262153519953,3.7343851637269916,32.0080437439897,4.012800477482474,30.86629983185521,3.6894687530800807,0.0,1.0,0.0,1.0,758643.0000000001,1.0,0.0,1.0,0.0,1.0,0.0,1.0,0.0,1.0,31.594132288490652,3.9741563241482463,0.0,1.0,758643.0000000001,1.0,0.0,1.0,0.0,1.0,0.0,1.0,422016.20542216423,227833.84851502537,758643.0000000001,1.0,84439.54749669254,100567.25585653541,758643.0000000001,1.0,204690.24573313037,262887.6965945001
154,22.71345882558991,2.7448130658590024,31.68535498126379,3.8290241658357207,32.36646507054512,4.069970843008908,31.22275934610726,3.796718379682981,0.0,1.0,0.0,1.0,758643.0000000001,1.0,0.0,1.0,0.0,1.0,0.0,1.0,0.0,1.0,31.958084549839896,4.02778314722448,0.0,1.0,758643.0000000001,1.0,0.0,1.0,0.0,1.0,0.0,1.0,442248.61370057426,239688.48625794268,758643.0000000001,1.0,95136.32389545484,108595.9240181834,758643.0000000001,1.0,207631.75734796142,261582.63221289948
155,22.989374541567905,2.767589496762182,32.07025842585054,3.860797319814304,32.751098038876215,4.073976774417634,31.614946856442312,3.8515375713856286,0.0,1.0,0.0,1.0,758643.0000000001,1.0,0.0,1.0,0.0,1.0,0.0,1.0,0.0,1.0,32.34611227941037,4.038939589093397,0.0,1.0,758643.0000000001,1.0,0.0,1.0,0.0,1.0,0.0,1.0,465180.67651883233,252367.02990113504,758643.0000000001,1.0,103561.81542451438,115708.77803995766,758643.0000000001,1.0,207765.09011141278,261514.50968971816
156,23.256719550997893,2.7600288361768337,32.44320572222054,3.8502501917067065,33.13617323281179,4.049506615593057,31.98959823543656,3.8557072720770638,0.0,1.0,0.0,1.0,758643.0000000001,1.0,0.0,1.0,0.0,1.0,0.0,1.0,0.0,1.0,32.7319118222769,4.032189437746438,0.0,1.0,758643.0000000001,1.0,0.0,1.0,0.0,1.0,0.0,1.0,484466.0678386031,255938.07380412353,758643.0000000001,1.0,110347.84478421723,118902.71689338486,758643.0000000001,1.0,208030.75656563303,261413.9130180449
157,23.526781778240075,2.715756261089577,32.81994354133136,3.7884898488133083,33.51588435796703,3.9709168871727862,32.35769254957771,3.815410759546851,0.0,1.0,0.0,1.0,758643.0000000001,1.0,0.0,1.0,0.0,1.0,0.0,1.0,0.0,1.0,33.10354732194035,3.979131349946735,0.0,1.0,758643.0000000001,1.0,0.0,1.0,0.0,1.0,0.0,1.0,503111.695314232,254848.59167423213,758643.0000000001,1.0,119616.45452798334,124813.90223293664,758643.0000000001,1.0,208269.36475764043,261303.5823954759
158,23.797004159090626,2.636244976115416,33.196904794352434,3.6775713896055393,33.896456991060866,3.8446015380297194,32.72757709926573,3.733528126518894,0.0,1.0,0.0,1.0,758643.0000000001,1.0,0.0,1.0,0.0,1.0,0.0,1.0,0.0,1.0,33.47648067555333,3.8857133537525064,0.0,1.0,758643.0000000001,1.0,0.0,1.0,0.0,1.0,0.0,1.0,524439.4581868507,252847.09598649392,758643.0000000001,1.0,131732.74690201358,134987.5860262442,758643.0000000001,1.0,207968.54878954936,261471.1949038646
159,24.080359874704428,2.5561159304088696,33.59218708402904,3.565791187826256,34.28960189895086,3.7112084980264206,33.0938862826238,3.627771053326321,0.0,1.0,0.0,1.0,758643.0000000001,1.0,0.0,1.0,0.0,1.0,0.0,1.0,0.0,1.0,33.84195744843857,3.7566812880742595,0.0,1.0,758643.0000000001,1.0,0.0,1.0,0.0,1.0,0.0,1.0,549620.2703967622,249015.80430043992,758643.0000000001,1.0,144922.8182203934,144638.41268237066,758643.0000000001,1.0,207819.67968033615,261558.60895168383
160,24.382652705241156,2.5159909896859887,34.01388674551073,3.5098169020686063,34.71229165539757,3.6077177631370883,33.47883134719434,3.5242286034984986,0.0,1.0,0.0,1.0,758643.0000000001,1.0,0.0,1.0,0.0,1.0,0.0,1.0,0.0,1.0,34.23008505354976,3.6093644754615664,0.0,1.0,758643.0000000001,1.0,0.0,1.0,0.0,1.0,0.0,1.0,576329.6665883408,246819.76771806646,758643.0000000001,1.0,155767.4984704308,146365.51527142807,758643.0000000001,1.0,208403.76700054313,261166.38897401447
161,24.72744691574202,2.5427168027987963,34.49487596559651,3.5470995214713006,35.18836539584344,3.571240776997087,33.93506862692382,3.517901966204371,0.0,1.0,0.0,1.0,758643.0000000001,1.0,0.0,1.0,0.0,1.0,0.0,1.0,0.0,1.0,34.68344789334889,3.522304666197671,0.0,1.0,758643.0000000001,1.0,0.0,1.0,0.0,1.0,0.0,1.0,609594.2059307519,260695.39237755028,758643.0000000001,1.0,167629.1605975777,148228.67551840335,758643.0000000001,1.0,207273.8696567904,261971.59092496193
162,25.12573244565215,2.6723737705597523,35.05048572390094,3.727971441680133,35.74014368593184,3.6636879927075214,34.45850281419395,3.62389209146424,0.0,1.0,0.0,1.0,758643.0000000001,1.0,0.0,1.0,0.0,1.0,0.0,1.0,0.0,1.0,35.20006654789187,3.5422053150571657,0.0,1.0,758643.0000000001,1.0,0.0,1.0,0.0,1.0,0.0,1.0,652896.0713069085,292794.15450707905,758643.0000000001,1.0,174418.02493925815,145100.61629226446,758643.0000000001,1.0,210191.4218860908,260613.6873551576
163,25.595950983965036,2.9303777302090155,35.70644224683615,4.087887833933741,36.39134721992009,3.9224167065015765,35.076943889464935,3.881640909034602,0.0,1.0,0.0,1.0,758643.0000000001,1.0,0.0,1.0,0.0,1.0,0.0,1.0,0.0,1.0,35.81224252142218,3.694037811470954,0.0,1.0,758643.0000000001,1.0,0.0,1.0,0.0,1.0,0.0,1.0,697762.5235061509,319048.17157076765,758643.0000000001,1.0,178600.73504606646,141667.38363563071,758643.0000000001,1.0,213516.4269802522,259104.9009942718
164,26.163641023967084,3.403464000770325,36.49837185117714,4.7478446700226495,37.181686462921434,4.49120018517496,35.77909868581878,4.277041681137523,0.0,1.0,0.0,1.0,758643.0000000001,1.0,0.0,1.0,0.0,1.0,0.0,1.0,0.0,1.0,36.50961039405894,3.9869806936122645,0.0,1.0,758643.0000000001,1.0,0.0,1.0,0.0,1.0,0.0,1.0,748930.5808281895,355796.63056043955,758643.0000000001,1.0,180576.4575915636,139487.223157092,758643.0000000001,1.0,212423.41490836404,259400.6824744851
165,26.75455038361703,3.981411926666549,37.322692483663204,5.554083829037329,38.04194606605088,5.353536473247099,36.54495393390445,4.968223234627386,0.0,1.0,0.0,1.0,758643.0000000001,1.0,0.0,1.0,0.0,1.0,0.0,1.0,0.0,1.0,37.30912998990749,4.726903665432195,0.0,1.0,758643.0000000001,1.0,0.0,1.0,0.0,1.0,0.0,1.0,795225.9733917277,384838.9119899499,758643.0000000001,1.0,183195.83249291035,136689.07701624793,758643.0000000001,1.0,214324.1272726027,259122.32136661932
166,27.369010434719318,4.664280449835485,38.179866432417064,6.506687866500438,38.92888686305362,6.3320485462723015,37.31996201382222,5.794498042549505,0.0,1.0,0.0,1.0,758643.0000000001,1.0,0.0,1.0,0.0,1.0,0.0,1.0,0.0,1.0,38.111700106621036,5.576148457305592,0.0,1.0,758643.0000000001,1.0,0.0,1.0,0.0,1.0,0.0,1.0,829939.7673818547,395654.8331821425,758643.0000000001,1.0,185031.58068452825,134577.0783791314,758643.0000000001,1.0,217356.61745724484,258338.28971317943
