,High,Low,Open,Close,Volume,Adj Close,MarginPurchaseBuy,MarginPurchaseCashRepayment,MarginPurchaseLimit,MarginPurchaseSell,MarginPurchaseTodayBalance,MarginPurchaseYesterdayBalance,OffsetLoanAndShort,ShortSaleBuy,ShortSaleLimit,ShortSaleSell,ShortSaleTodayBalance,ShortSaleYesterdayBalance,b_total,s_total,b_s_ratio,bs_ratio,buy_volume,sell_volume,y_label
5,15.294142957735843,15.16167478682334,15.221032600241525,15.218373331377528,5077861.033880318,13.739860489141396,35.59250729390511,0.3147585396088543,1735887.0,68.43452189379533,3932.5187753554474,3965.6755484949463,0.0,0.0,1735887.0,43.47327326514382,141.385726048139,97.91245278299519,1731954.481224645,1735745.6142739519,1.0021883564513758,2.9465560169870484,3178676.5718409456,1246027.5409765802,0
6,15.271352556020815,15.139422626161853,15.225156434099258,15.21386448250073,5158404.499066536,13.735789711655476,30.636889331751593,0.2577024961716831,1735887.0,59.83905280789089,3903.0589093831363,3932.5187753554474,0.0,0.28676372630237706,1735887.0,60.52796557946846,201.6269279013051,141.385726048139,1731983.9410906169,1735685.3730720987,1.0021365293325264,2.9088328476400913,3228590.706577223,1205595.940934199,0
7,15.252693353261721,15.11208937150699,15.219418017300297,15.197784888433201,5518268.710064083,13.72127236206977,27.775633442433165,0.0,1735887.0,52.78534258626557,3878.049200239304,3903.0589093831363,0.0,0.5215460078933705,1735887.0,54.236436573400326,255.34181846681204,201.6269279013051,1732008.9507997609,1735631.6581815332,1.0020910453430294,2.1276580051755523,3547529.941646645,1714949.8761963379,0
8,15.211366853176255,15.094268108235092,15.197784888433201,15.158580683609653,5269757.45175317,13.685876830361504,23.287524002197156,0.0,1735887.0,44.50220335945087,3856.83452088205,3878.049200239304,0.0,0.42700575580735434,1735887.0,40.07976490541154,294.9945776164162,255.34181846681204,1732030.165479118,1735592.0054223835,1.0020558762488783,1.900300903692217,3418036.9893135973,1805158.6554575027,0
9,15.182088990142326,15.07511997903994,15.158580683609653,15.152522342134098,6228834.255762676,13.680407151179665,12.76921398854744,0.0,1735887.0,26.27813273775955,3843.325602132838,3856.83452088205,0.0,0.9231301966255421,1735887.0,23.32003295996375,317.3914803797544,294.9945776164162,1732043.6743978672,1735569.6085196205,1.0020351289552005,3.4032574000837625,4409133.43281158,1619889.0360171986,0
10,15.162665052413363,15.064000129699707,15.152522342134098,15.1351738573451,6454020.8571772985,13.664743930796579,44.94492108477407,0.0,1735887.0,16.294899420223516,3871.975623797389,3843.325602132838,0.0,0.7557950810722556,1735887.0,14.873048971900124,331.5087342705823,317.3914803797544,1732015.0243762028,1735555.4912657295,1.0020435539832926,2.799067637160186,4083010.27726043,2124034.0919658085,0
11,15.143478006170294,15.014476054732924,15.122814511830054,15.071474759678324,10193135.622801414,13.607233195711045,86.78678757478707,0.0,1735887.0,18.703437913768454,3940.0589734584073,3871.975623797389,0.0,0.8000619228209402,1735887.0,2.5770249617168313,333.28569730947817,331.5087342705823,1731946.9410265416,1735553.7143026907,1.002081921816381,2.2439883915505816,5581324.689377622,5421834.025541503,0
12,15.11540963583532,14.98631723237099,15.061355783417241,15.036239281365212,11556707.253762148,13.57542097340392,76.94478698534493,0.0,1735887.0,25.58008550738492,3991.423674936367,3940.0589734584073,0.0,0.5495408211998478,1735887.0,1.1470549052095083,333.88321139348784,333.28569730947817,1731895.5763250636,1735553.1167886066,1.0021112965527568,2.519433022801779,6103012.802349942,4822973.876185094,1
13,15.072210115607614,14.950874677701702,15.015594945316352,14.999588706179733,13167746.838046324,13.542331024424831,69.97150293659932,0.0,1735887.0,22.182367687875853,4039.2128101850903,3991.423674936367,0.0,1.883744601899929,1735887.0,0.9391291263639738,332.9385959179519,333.88321139348784,1731847.7871898152,1735554.0614040822,1.0021394934252037,2.400914213105371,5810032.680320979,4383459.176661538,1
14,15.049229400710093,14.92185676822631,14.982686553379654,14.977383958648502,14632160.818212861,13.522283569830362,67.83863974279075,0.0,1735887.0,22.64411174360496,4084.4073381842763,4039.2128101850903,0.0,1.3312906777593945,1735887.0,0.7688938968654434,332.376199137058,332.9385959179519,1731802.592661816,1735554.623800863,1.0021659689789277,1.5388116083675767,4662438.692697443,4013510.052125309,1
15,15.042802717006087,14.910486974179886,14.963545646357858,14.988538057624904,13512053.804843597,13.532354074501118,47.77356176976257,0.28676372630237706,1735887.0,28.443897865877624,4103.450238361858,4084.4073381842763,0.0,1.0899686191676459,1735887.0,0.6295170792177086,331.915747597108,332.376199137058,1731783.5497616383,1735555.084252403,1.0021772538679146,1.4562680594155901,4210618.182969985,3622896.757300799,1
16,15.05445775243548,14.931756682155473,14.956978559761748,15.02823793224369,10549693.018467356,13.568196950484399,22.629776685690324,0.23478228159099346,1735887.0,24.816773639010812,4101.028459126947,4103.450238361858,0.0,0.7868963490221358,1735887.0,0.5154049923433662,331.64425624042923,331.915747597108,1731785.9715408732,1735555.3557437598,1.0021760091590919,1.4062797437623724,3170022.4726679362,2239363.644779073,1
17,15.068546837491057,14.957001594119442,15.002399200791425,15.056194590758734,9004855.225141322,13.593437431980455,17.762464016250405,1.0525146531234921,1735887.0,18.151877735038372,4099.586530755036,4101.028459126947,0.0,0.6442562404292078,1735887.0,0.0,331.00000000000006,331.64425624042923,1731787.4134692452,1735556.0000000002,1.0021755467269686,1.0682491531823306,2484685.899871809,2365272.314526749,1
18,15.089196731107661,14.994616027109146,15.027227130911893,15.083630416566995,7655598.755261234,13.618207773753987,19.904978180664134,0.8617261145774076,1735887.0,14.304308419046924,4104.325474402076,4099.586530755036,0.0,0.0,1735887.0,0.0,331.00000000000006,331.00000000000006,1731782.674525598,1735556.0000000002,1.0021782891452382,0.8518085870593006,2219601.183655682,2720862.13985293,0
19,15.151070469609598,15.013023785847098,15.059913866351835,15.113934455473927,8585490.650448762,13.645567856805462,26.807483121443177,0.7055216707349241,1735887.0,29.81016264896428,4100.617273203819,4104.325474402076,0.0,0.0,1735887.0,0.0,331.00000000000006,331.00000000000006,1731786.3827267964,1735556.0000000002,1.0021761431963307,0.9964451726907895,3395123.9624438877,3276378.5513404207,0
20,15.160034974490248,15.023537471125351,15.082128652145542,15.129630577670635,19730904.582077775,13.65973921792682,24.713204603677692,0.47213780941328143,1735887.0,25.89227255395814,4098.966067444126,4100.617273203819,0.0,0.28676372630237706,1735887.0,0.0,330.7132362736977,331.00000000000006,1731788.0339325562,1735556.2867637265,1.002175353237136,0.9701017556345215,12400912.129703116,13476717.172054557,0
21,15.162827741200832,15.015210438031033,15.112704914758208,15.100798712360158,17079829.480655026,13.633708488433706,30.860053833191493,0.38655374425752465,1735887.0,19.510888136916762,4109.928679396144,4098.966067444126,0.0,0.23478228159099346,1735887.0,0.0,330.47845399210667,330.7132362736977,1731777.0713206038,1735556.521546008,1.0021818329237442,0.8361292997554357,10386097.062591754,11727753.519248368,0
22,15.140366585367602,14.991475908064821,15.08694115161752,15.077193177561867,14571042.080136271,13.612396329672642,31.017684984787735,0.28676372630237706,1735887.0,19.899697170275303,4120.759903484353,4109.928679396144,0.0,0.19222347421636085,1735887.0,0.0,330.2862305178903,330.47845399210667,1731766.2400965157,1735556.7137694822,1.0021882120151386,0.8621496277438021,8918415.581278108,10021087.854767513,0
23,15.12197694633726,14.979845923962756,15.070394315540543,15.070254934589968,12726307.633609261,13.606132162228722,153.96034305709154,0.23478228159099346,1735887.0,88.16469487275957,4272.063123551505,4206.5022576487645,0.0,0.15737926980442715,1735887.0,0.0,330.1288512480859,330.2862305178903,1731614.9368764486,1735556.871148752,1.0022758898717878,1.053236172564226,7979089.326465558,8461521.129511984,0
24,15.088701793694426,14.97488151182371,15.052300162856863,15.035240573051997,10104263.352389432,13.574519523431775,220.7523896464083,0.19222347421636085,1735887.0,65.7643191297273,4497.058872789677,4342.263025747212,0.0,0.12885124808584156,1735887.0,0.0,330.00000000000006,330.1288512480859,1731389.9411272104,1735557.0,1.0024062393191215,0.9023707995976364,6331619.364095673,7151692.453089763,0
25,15.062731644729627,14.958457375940275,15.025097862772732,15.00657323846147,4835622.921336291,13.548637283862769,179.51689152210662,0.15737926980442715,1735887.0,51.91465018605719,4681.978553646613,4554.533691580368,0.0,0.0,1735887.0,0.0,330.00000000000006,330.00000000000006,1731205.0214463538,1735557.0,1.002513309819314,0.8682400967667813,2319772.4923091335,2771827.1369842067,0
26,15.029081024279016,14.93717968286441,14.998269089636278,14.984404367156749,4409834.1177937845,13.528622016695575,154.22676966299343,0.12885124808584156,1735887.0,103.87155807131928,4779.261315661726,4729.034955318137,0.0,0.0,1735887.0,0.0,330.00000000000006,330.00000000000006,1731107.7386843385,1735557.0,1.0025696277349905,0.8738371024620735,2168773.1357381307,2512941.836736034,0
27,15.01063438908039,14.92430583091734,14.977605505135426,14.978613649452793,4751557.844370336,13.523393947238105,126.42469978194022,2.2941098104190165,1735887.0,87.26412498188175,4854.654303829031,4817.787838839393,0.0,0.0,1735887.0,0.0,330.00000000000006,330.00000000000006,1731032.3456961713,1735557.0,1.0026132725750498,0.8846170252982386,2504751.167454811,2840157.215054781,0
28,14.995531561552465,14.896830428378692,14.97304721203,14.932179183147376,5086982.051536407,13.481470922509057,69.71077366596217,1.8782582527279477,1735887.0,44.96670843863708,4877.520110803629,4854.654303829031,0.28676372630237706,0.0,1735887.0,0.0,330.00000000000006,330.00000000000006,1731009.4798891966,1735557.0,1.002626514110527,0.6738263093497248,2156232.725867294,3337828.6950128614,0
29,14.970806793202671,14.86197612585206,14.944567517457688,14.89091723846419,6345896.3409377895,13.444217661356808,80.47716344093587,1.5377877937308868,1735887.0,54.56525838231206,4901.894228068521,4877.520110803629,0.5215460078933705,0.0,1735887.0,1.4338186315118853,331.43381863151194,330.00000000000006,1730985.1057719316,1735555.5661813687,1.0026398043195233,0.8980054707491403,2411321.726957011,3042069.79843225,0
30,14.930344883353666,14.800850672089444,14.913419294258501,14.844746481109953,6906008.703393919,13.402532518450766,127.3323408258276,1.2590341584354172,1735887.0,58.906946922983515,4969.060587812931,4901.894228068521,1.8608243873192396,0.28676372630237706,1735887.0,1.4606751342573443,332.6077300394669,331.43381863151194,1730917.9394121873,1735554.3922699606,1.0026780370072763,0.9395176105557206,2170390.5206345315,2607903.347301821,0
31,14.877027106502403,14.755362696193894,14.850810260681188,14.799132566384788,6622952.9765970325,13.361350295012372,118.95753005625463,6.19255705812952,1735887.0,30.24133004922022,5051.584230761835,4969.060587812931,1.5235141519757553,0.23478228159099346,1735887.0,1.1958996526727979,333.5688474105487,332.6077300394669,1730835.4157692383,1735553.4311525896,1.0027252887393976,1.1472886078729259,2202810.870343819,2287268.7675069235,0
32,14.858121882733883,14.73050862574325,14.804097169199643,14.78198788172768,5900267.115049922,13.345871209546244,110.49616044164726,4.226081068637882,1735887.0,142.5762943557417,5015.278015779103,5051.584230761835,1.247347888972073,0.4789872005187379,1735887.0,0.9791198232384967,334.0689800332684,333.5688474105487,1730871.721984221,1735552.931019967,1.0027039675134908,1.1411289590218767,2063243.311555186,2078357.1612709635,1
33,14.842643594640776,14.714717247429263,14.786052554729022,14.78161257727465,5486724.004387101,13.345532269268096,110.03483039052388,3.4600225358944954,1735887.0,120.45952529087532,5001.393298342857,5015.278015779103,0.9157475971079774,0.39216155139542064,1735887.0,0.801635510233635,334.47845399210667,334.0689800332684,1730885.6067016572,1735552.521546008,1.002695686156708,4.200531480743453,2043910.7209363356,1288501.065388131,1
34,14.834517893902644,14.706335109491434,14.780383036558927,14.773463718788191,5374466.674531214,13.338175098833513,131.8833698459963,9.141628835131984,1735887.0,116.352682391554,5007.782356962168,5001.393298342857,0.6442562404292078,0.3210747223022024,1735887.0,0.12885124808584156,334.28623051789026,334.47845399210667,1730879.217643038,1735552.7137694824,1.0026994971420993,4.283456628271529,1950912.0738477495,1014888.3609241638,1
35,14.836979859216898,14.713133971512757,14.76791030687075,14.771349411245971,7326782.9047821965,13.336266197586598,266.24356894249735,7.484532660547004,1735887.0,97.7294159182265,5168.811977325891,5007.782356962168,0.0,0.15737926980442715,1735887.0,0.0,334.1288512480859,334.28623051789026,1730718.1880226743,1735552.871148752,1.0027929076679076,4.013922584065653,2970399.808210182,1380559.727548529,1
36,14.84809970855713,14.731059754450593,14.771349411245971,14.786553446071323,7684509.719076763,13.34999305591487,288.15860443869616,4.228916432759939,1735887.0,86.64231468528406,5366.099350646543,5168.811977325891,0.0,0.12885124808584156,1735887.0,0.0,334.0,334.1288512480859,1730520.9006493534,1735553.0,1.002907333253346,3.6272224629869667,3247630.809830551,1575775.6639454984,1
37,14.860488042867445,14.741178730711676,14.786553446071323,14.789897294329265,7731656.236900367,13.353012034392394,320.7988917873028,3.4623439356973975,1735887.0,31.06571629670608,5652.370182201443,5366.099350646543,0.0,0.0,1735887.0,0.28676372630237706,334.2867637263024,334.0,1730234.6298177987,1735552.7132362737,1.0030731139934463,3.2278898184633977,3104460.8338246564,1596482.0914200626,1
38,14.920154828113493,14.761851782076604,14.802256639844309,14.854518426213497,11441779.033662114,13.411355018649529,310.53588008768224,2.834727457888514,1735887.0,78.2613733377137,5881.809961493523,5652.370182201443,0.0,0.0,1735887.0,2.815655818312387,337.1024195446148,334.2867637263024,1730005.1900385064,1735549.8975804553,1.0032044935092561,1.9020483381973743,4413873.291110212,2536661.9109953353,1
39,14.969005860131734,14.815913185645503,14.86463740247458,14.899595086857836,12175699.973948058,13.452052375661657,345.1387328547504,0.28676372630237706,1735887.0,63.99763789774662,6162.664292724224,5881.809961493523,0.0,0.28676372630237706,1735887.0,2.3052640085353016,339.12091982684774,337.1024195446148,1729724.3357072761,1735547.8790801733,1.0033661971061636,3.562409010949342,5003773.344438933,2209544.3739552326,1
40,14.99661336805435,14.847786858470805,14.90787980391245,14.936500735173418,11121644.82887236,13.48537255341648,231.20715567156967,0.23478228159099346,1735887.0,85.96747656836627,6307.669189545836,6162.664292724224,0.0,0.23478228159099346,1735887.0,2.460917990356429,338.4794182725893,339.12091982684774,1729579.3308104542,1735548.5205817274,1.003450675124518,3.9182752723535046,4701194.036659103,1816669.8264139707,1
41,15.031604818116755,14.89408374533047,14.94328368780658,14.96215911090854,11332453.08320532,13.508538167198866,338.4251403078573,0.19222347421636085,1735887.0,87.68510149647065,6558.217004883007,6307.669189545836,0.0,0.19222347421636085,1735887.0,2.014829239507673,337.9542012219708,338.4794182725893,1729328.782995117,1735549.045798778,1.0035963783021609,10.37361315331891,4248419.508686381,1303817.6058786407,1
42,15.068055326389558,14.931988430374247,14.980100583657096,15.007942807338342,11031183.275583912,13.549873798833724,266.034610384624,8.760291058875739,1735887.0,91.24731849067318,6724.244005718082,6558.217004883007,0.0,1.0176704487115584,1735887.0,1.5441081812052957,336.5584042123009,337.9542012219708,1729162.755994282,1735550.4415957879,1.0036935440463872,8.87751176913642,4514587.082999869,1583048.6999744498,1
43,15.092067923764827,14.970852809033312,15.018085293711774,15.022661689450377,9184428.787404396,13.563162666049614,234.9568911065354,7.459083422118023,1735887.0,136.49619117750495,6815.245622224995,6724.244005718082,0.0,0.833198092858822,1735887.0,0.3147585396088543,334.46617196100664,336.5584042123009,1729071.7543777751,1735552.5338280392,1.0037475606552952,7.679509433516019,3991477.175237687,1353577.7619293586,0
44,15.11172777569724,14.989010795520564,15.043325000472025,15.039269803782172,8658130.259910658,13.57815721014897,199.02396859515602,6.575013960686573,1735887.0,117.94650350222213,6889.748073357241,6815.245622224995,0.0,0.5766704226490825,1735887.0,0.2577024961716831,332.85869155367084,334.46617196100664,1728997.251926643,1735554.1413084464,1.003791737099538,5.595547756686235,3289927.7217545295,2006800.851794451,0
45,15.132381314578385,14.996046549536288,15.056187491976011,15.077615057561609,8342057.979820251,13.612777228703928,167.96609415450965,5.383166131531162,1735887.0,125.89642597303774,6926.434575407183,6889.748073357241,0.0,0.7589015357156585,1735887.0,0.0,332.0997900179552,332.85869155367084,1728960.5654245932,1735554.9002099822,1.0038134668557577,4.908015959481476,3187584.468269433,1883320.1902000315,0
46,15.132345254206838,14.992702775095612,15.079077754846578,15.059485421098628,6861715.668351863,13.596408947177279,91.71785741080835,4.407363660812395,1735887.0,128.84975986180183,6884.895309295376,6926.434575407183,0.0,0.6213360258485181,1735887.0,0.0,331.47845399210667,332.0997900179552,1729002.104690705,1735555.521546008,1.0037897096111954,1.509780608220309,2689810.243190836,2066137.6198016598,0
47,15.11540963583532,14.977605505135426,15.056125663452526,15.023167784791148,5959352.332794176,13.563619506133339,92.7778909235764,0.44360978769469583,1735887.0,106.39507571987525,6870.834514711383,6884.895309295376,0.0,0.19222347421636085,1735887.0,0.28676372630237706,331.57299424419267,331.47845399210667,1729016.165485289,1735555.427005756,1.0037814910918164,1.4188707355982877,2311040.459287473,1876608.7607817678,1
48,15.09698651074904,14.97304721203,15.045164727708753,15.005793038061356,5160787.884586701,13.54793282767781,66.51756636809685,0.2577024961716831,1735887.0,67.94001544401041,6869.154363139297,6870.834514711383,0.0,0.15737926980442715,1735887.0,0.23478228159099346,331.6503972559792,331.57299424419267,1729017.845636861,1735555.3496027442,1.0037804707521591,1.518856168917977,2069097.8652937517,1629401.7696764732,1
49,15.094262277188149,14.98170325811416,15.044032257721806,15.016344193728163,4410287.864533682,13.557458892829917,60.9008324465076,0.0,1735887.0,59.59911907291432,6870.456076512892,6869.154363139297,0.0,0.12885124808584156,1735887.0,0.19222347421636085,331.71376948210974,331.6503972559792,1729016.5439234872,1735555.286230518,1.003781189462362,1.836401672230307,1982797.965748163,1200659.995555498,1
50,15.092031863393277,14.993347542139066,15.047651818837878,15.015878586728643,4077309.0886377236,13.557038452139416,59.72274753744598,0.0,1735887.0,37.66517383451601,6892.51365021582,6870.456076512892,0.0,0.0,1735887.0,0.15737926980442715,331.8711487519142,331.71376948210974,1728994.4863497843,1735555.1288512482,1.00379390443282,1.5792810757181737,1702844.8568122876,1190259.5333512516,1
51,15.119539563671877,15.015269409878147,15.058427861229974,15.058463948807965,5025116.179920593,13.595486652054694,64.66432357354509,13.477895136211721,1735887.0,82.26182376935246,6861.438254883802,6892.51365021582,0.0,0.0,1735887.0,0.12885124808584156,332.0,331.8711487519142,1729025.5617451163,1735555.0000000002,1.0037757901002728,1.9221229782919873,2114587.083675197,1127252.828848989,1
52,15.146607712957739,15.05012371240478,15.105688409194471,15.097876744101956,5230678.3376607075,13.63107055907604,91.05094575860917,11.895058413683824,1735887.0,66.7663240795608,6873.827818149166,6861.438254883802,0.0,0.0,1735887.0,0.0,332.0,332.0,1729013.1721818508,1735555.0000000002,1.0037829826778535,1.5058815741530622,1637692.2769488995,1252866.0654343423,1
53,15.181128858201223,15.086501486342033,15.139824760324576,15.137986422776336,5555186.893306239,13.667283493587911,115.29932921207462,18.34176192201325,1735887.0,101.69879585927688,6869.086589579951,6873.827818149166,0.0,0.0,1735887.0,0.0,332.0,332.0,1729017.91341042,1735555.0000000002,1.0037802298896534,1.918065733815129,1751224.8615782019,1119609.3917385133,1
54,15.21723396663253,15.124115836528352,15.175575446283784,15.174070342798501,5949627.6040542135,13.69986172827651,106.6525916342334,15.590492003791717,1735887.0,112.63861260296662,6847.510076607425,6869.086589579951,0.0,0.0,1735887.0,0.28676372630237706,332.2867637263024,332.0,1729039.4899233927,1735554.713236274,1.0037675378361341,1.8031380572306641,1732971.92775835,1128980.357158362,1
55,15.246794329248457,15.154911861782931,15.204845632322218,15.203613357812252,6992974.2953494685,13.726534530897059,111.21915801269722,12.764415259120646,1735887.0,98.27540506216435,6847.6894142988385,6847.510076607425,0.0,0.28676372630237706,1735887.0,0.23478228159099346,332.234782281591,332.2867637263024,1729039.3105857014,1735554.7652177187,1.0037676715774202,1.9273127030014847,2352843.1042281934,1336236.0445778402,1
56,15.261881580795382,15.1755681012283,15.224263284658878,15.231085304428527,6886705.776806673,13.751337403835176,111.29535927624367,5.4923787868230605,1735887.0,65.07070630961641,6888.421688478643,6847.6894142988385,0.0,0.23478228159099346,1735887.0,1.6260421057282461,333.6260421057283,332.234782281591,1728998.5783115216,1735553.3739578943,1.0037905140638883,2.5113422311670646,2626246.7776104533,1209563.3332439046,0
57,15.274233977616273,15.187933250583848,15.243434721690923,15.241189097659873,6989244.361487033,13.760459526326049,94.82936548355985,4.467059708486478,1735887.0,60.64208612853413,6918.141908125182,6888.421688478643,0.0,0.19222347421636085,1735887.0,1.3312906777593945,334.7651093092713,333.6260421057283,1728968.8580918747,1735552.2348906908,1.0038071106567978,2.5297850307638754,3168659.199776483,1418915.1160263028,0
58,15.26741208072875,15.193499565124513,15.234383013465196,15.244904071005372,6919433.143867236,13.763813548706532,79.8058858987164,1.926303409274562,1735887.0,57.827313786954136,6938.19417682767,6918.141908125182,0.0,0.15737926980442715,1735887.0,1.0899686191676459,249.38181704161903,334.7651093092713,1728948.8058231727,1735637.6181829586,1.003868137564807,2.0261406858511375,3083505.2972437674,1811276.0772811873,0
59,15.257269370449485,15.193499565124513,15.234784870838457,15.231039165207255,6303869.304473141,13.751295735408924,65.56232592423157,2.7999535136832137,1735887.0,38.110492011390924,6962.846057226827,6938.19417682767,0.0,0.12885124808584156,1735887.0,0.7868963490221358,179.37039538366628,249.38181704161903,1728924.1539427734,1735707.6296046162,1.0039229442562614,1.5754932776561557,2517802.647528356,1916290.951951974,1
60,15.261353555934605,15.193499565124513,15.235113883828294,15.232047159436053,6044578.321965305,13.752205788525064,89.19190999475666,2.2924080488411986,1735887.0,46.99352309104332,7002.752036081699,6962.846057226827,0.0,0.0,1735887.0,0.6442562404292078,122.1553858849709,179.37039538366628,1728884.2479639184,1735764.844614115,1.0039792109021553,1.2488284511073413,2030010.3297359445,1981157.3342462892,1
61,15.264697404192546,15.193499565124513,15.235383256881239,15.22831502180697,6732349.826425917,13.74883623655467,116.67305597158408,1.8768649681897815,1735887.0,51.29320207409812,7066.255025010994,7002.752036081699,0.0,0.28676372630237706,1735887.0,0.5735274526047541,75.07098940014069,122.1553858849709,1728820.7449749892,1735811.9290105999,1.0040433266279551,0.873841311485505,2130445.8535711877,2365362.887771219,1
62,15.26743511559495,15.193499565124513,15.231046387380609,15.229816819458446,5947507.088914068,13.750192121175928,149.65819238669144,1.7179163157537207,1735887.0,57.862387995833934,7156.332913086098,7066.255025010994,0.0,0.23478228159099346,1735887.0,0.4695645631819869,36.52154600789338,75.07098940014069,1728730.6670869142,1735850.4784539924,1.0041179466806978,0.9173553368302519,1613707.6785608307,1905721.857706761,1
63,15.274233977616273,15.193499565124513,15.236599922180176,15.243434721690923,6109702.461865412,13.762486977961224,120.29056272999878,0.8790385220202013,1735887.0,101.11878267609346,7174.625654617985,7156.332913086098,0.0,0.19222347421636085,1735887.0,0.3844469484327217,36.71376948210974,36.52154600789338,1728712.374345382,1735850.286230518,1.0041284579311958,1.2685160849515498,1854191.0306123174,1661743.7731826438,1
64,15.29215976055411,15.205859184118758,15.24898825649049,15.259130966769755,6886185.720681772,13.776658238058875,208.22988202629023,0.19222347421636085,1735887.0,149.51584618366454,7233.147466986393,7174.625654617985,2.0073460841166395,0.15737926980442715,1735887.0,0.3147585396088543,36.87114875191416,36.71376948210974,1728653.8525330138,1735850.1288512484,1.0041623588496806,1.7556620375362595,2138435.2932418766,1422487.211753698,1
65,15.351802811781976,15.228366718595987,15.2714903122848,15.329318536076778,9992458.87188575,13.840026855502554,817.3576233344891,0.15737926980442715,1735887.0,167.74707837035265,7882.6006326807255,7233.147466986393,1.6434759711369542,8.444999310854776,1735887.0,0.2577024961716831,28.68385193723107,36.87114875191416,1728004.3993673194,1735858.316148063,1.0045448315603982,4.0636688799646015,2973588.547862035,1085484.9281811023,1
66,15.375886732204279,15.246794329248457,15.314689832512503,15.362035577726875,9461293.443424268,13.8695654406905,731.55855533257,0.12885124808584156,1735887.0,270.9046664178256,8343.125670347383,7882.6006326807255,1.345564319514526,9.102795976557827,1735887.0,0.0,19.58105596067324,28.68385193723107,1727543.8743296526,1735867.4189440396,1.0048179219656932,3.402928541013986,2670366.7015809137,1439494.6715114168,0
67,15.432740992644373,15.28662926062074,15.362418227235386,15.42595804001121,12487505.287310194,13.92727786530696,1215.645789036219,0.0,1735887.0,283.3718764957702,9275.399582887832,8343.125670347383,1.10165488863099,7.452739005002412,1735887.0,0.0,12.12831695567083,19.58105596067324,1726611.6004171122,1735874.8716830444,1.0053651988484165,3.2243695688678313,3240952.180806704,1675976.7224701457,0
68,15.504037003935542,15.35637908463845,15.426271326931479,15.486095257707785,14841823.306552356,13.98157266007662,1277.3135004560465,0.0,1735887.0,398.1363185079344,10154.576764835943,9275.399582887832,0.9019587366008909,6.101786618059275,1735887.0,0.0,6.026530337611555,12.12831695567083,1725732.4232351645,1735880.9734696625,1.0058808597709064,3.3988868057575186,4153363.644477314,1757560.3687201573,0
69,15.557862491830099,15.39655050002372,15.486351755343946,15.53533144724052,19548229.383426555,14.0260254782866,1658.7113371705955,1.4338186315118853,1735887.0,495.20879345264086,11316.645489922388,10154.576764835943,0.0,4.995720352924822,1735887.0,0.0,1.0308099846867325,6.026530337611555,1724570.3545100777,1735885.9691900155,1.0065615457762502,3.6321816057181904,5514969.716848379,1945663.5473324636,0
70,15.495818978227287,15.321532955410568,15.42950903057304,15.41239154669362,21367487.31367422,14.011931175232107,1408.898136820283,4.901839849885869,1735887.0,1961.7225854523538,10758.91920144043,11316.645489922388,0.0,1.0308099846867325,1735887.0,10.036730420583197,10.036730420583197,1.0308099846867325,1725128.0807985598,1735876.9632695795,1.0062312272522225,2.051399684959611,4641840.808991881,4208853.619120385,0
71,15.402135897837837,15.169152414645078,15.334855642427367,15.242869924020614,19999098.973267272,13.936469459679703,1202.951632898934,4.013287031764719,1735887.0,1824.983722915476,10132.873824392123,10758.91920144043,0.28676372630237706,0.28676372630237706,1735887.0,20.54822008668698,30.298186780967804,10.036730420583197,1725754.126175608,1735856.701813219,1.0058547995310154,1.67229787537044,3910831.4059018297,4620409.381854401,0
72,15.246792530323146,15.022270366299061,15.148832532144262,15.103406317609124,16531720.65794261,13.874371406236492,778.030416205467,3.285801513834827,1735887.0,1495.3393800655595,9412.279059018196,10132.873824392123,0.23478228159099346,0.23478228159099346,1735887.0,17.683750884892483,47.74715538426929,30.298186780967804,1726474.720940982,1735839.2528446158,1.005424837866926,1.3242882238088869,3477828.42479096,4763143.24721633,0
73,15.123523226253948,14.888352040722896,15.052424525797873,14.945676376616243,13335785.500928737,13.783340351431622,550.4427395010501,4.984296558305777,1735887.0,1162.5778702142875,8795.159631746654,9412.279059018196,0.19222347421636085,1.3392783794258691,1735887.0,18.7796865737671,64.61403612600577,47.74715538426929,1727091.8403682534,1735822.3859638742,1.0050554585907392,0.8450156012934801,2635450.1066577653,4741870.552820666,0
74,14.983598807734658,14.770276040037782,14.916955266639569,14.803547761213249,9379722.424709346,13.696791563467517,336.10203626506893,3.553324477843888,1735887.0,893.6096240617462,8234.098719472131,8795.159631746654,0.4441429961068042,1.096508396168401,1735887.0,15.94903438371356,78.99699755036895,64.61403612600577,1727652.901280528,1735808.0030024499,1.0047197758711461,0.3801078911480493,1511538.3351244773,4288856.737821814,1
75,14.90137248699341,14.711623818532413,14.817367396797337,14.764873912723763,7326512.086191516,13.661009068790657,200.46137368363424,2.111315246335641,1735887.0,165.80366961262794,8266.645108296801,8234.098719472131,0.6503972559792122,0.897745144951285,1735887.0,12.233295416555638,89.94810087354057,78.99699755036895,1727620.3548917035,1735797.0518991265,1.0047323597067197,0.48503209349616244,1999037.0793676476,3961876.9297803296,1
76,14.892177484193045,14.72307577185965,14.77618847337279,14.78787520878289,6433708.153701298,13.682290636163033,143.39933796038008,1.7285987216174041,1735887.0,151.0782542296925,8257.237593305872,8266.645108296801,0.42700575580735434,0.6295170792177086,1735887.0,5.479512555666588,94.48333781038059,89.94810087354057,1727629.7624066942,1735792.5166621897,1.0047242599708157,0.5373801783034219,1818752.744855091,3219536.5173790893,1
77,14.882544756440844,14.737241352949892,14.793716617088698,14.801928126283155,5544943.587529017,13.69529291629831,110.11589548985667,10.018168722190767,1735887.0,118.28837665072555,8239.046943422813,8257.237593305872,0.349602744020788,0.5154049923433662,1735887.0,4.169762003060086,97.87999232492564,94.48333781038059,1727647.9530565776,1735789.1200076751,1.0047117129647978,0.53024580229321,1550295.7054146996,2797975.852617845,1
78,14.882858893306617,14.748839149823693,14.79714230184937,14.801800200469021,4659598.012368314,13.695174748895067,98.52632608640806,7.358226987338658,1735887.0,95.89983235708708,8234.315210164794,8239.046943422813,0.2862305178902687,0.0,1735887.0,1.8314951942159547,99.13796006653683,97.87999232492564,1727652.6847898355,1735787.8620399334,1.0047082306124757,0.4360760721343781,1187816.7214479477,2411520.8052795036,1
79,14.897463402818328,14.763113473128843,14.80608264613878,14.83245511154859,4286394.650166389,13.723537769325702,42.565110290142684,6.311170448964886,1735887.0,87.4280547767877,8183.141095229185,8234.315210164794,0.12885124808584156,0.0,1735887.0,4.729677196486941,103.39807269984179,99.13796006653683,1727703.858904771,1735783.6019273004,1.0046760026691395,0.5192997350611752,1250467.3999563449,2260282.839170529,1
80,14.909420563889185,14.774800300598146,14.848951543547752,14.834994329417118,3887693.655946069,13.72588726239783,41.90094962437516,9.54437999656184,1735887.0,83.14859824282311,8132.349066614175,8183.141095229185,0.0,0.0,1735887.0,3.1041511053942985,106.11777685680337,103.39807269984179,1727754.650933386,1735780.8822231432,1.004644887957755,0.4396458785215861,897764.8958989428,2106182.017471305,1
81,14.904862943378376,14.774800300598146,14.848500465610893,14.853496261435337,4255376.368649349,13.743005952316619,47.1995303321696,8.961332327457011,1735887.0,41.93729137751467,8128.649973241374,8132.349066614175,0.0,2.8676372630237705,1735887.0,2.541463972187324,105.47684502635808,106.11777685680337,1727758.3500267586,1735781.5231549738,1.0046431079797715,1.2458785060790027,1702744.2298924522,1858197.151178544,1
82,14.910699844360353,14.787790562629095,14.856342839405485,14.868644362170013,3932028.1242142622,13.757021550205538,44.939124624462124,11.054413414887225,1735887.0,36.480861402788854,8126.05382304816,8128.649973241374,0.0,2.3478228159099346,1735887.0,2.0807747118694864,104.95209442614593,105.47684502635808,1727760.946176952,1735782.047905574,1.0046419021085482,1.4045810986176432,1531594.1846915958,1466523.630370213,1
83,14.949699619248465,14.811416625154521,14.870974943095206,14.916613892229986,4487055.447244167,13.801404814052878,45.64551673379134,14.785862746053503,1735887.0,47.195656530626046,8109.717820505271,8126.05382304816,2.8676372630237705,1.9222347421636086,1735887.0,6.291813867672559,109.32167355165488,104.95209442614593,1727777.2821794949,1735777.6783264484,1.004629874403081,1.6463583673321698,2033269.3191808942,1468328.7734747198,1
84,14.968639672281533,14.83076000911823,14.91374316016936,14.946330220420176,4285196.3760371525,13.828899569994295,43.48848762973626,12.286909787906081,1735887.0,34.43709158197914,8106.482306765123,8109.717820505271,2.3478228159099346,4.728193687370419,1735887.0,3.885367753541737,108.4788476178262,109.32167355165488,1727780.517693235,1735778.5211523823,1.00462848084919,1.7358965586517596,2095149.8354610405,1361811.9825303184,1
85,14.99713673819558,14.859587294468863,14.93920101346168,14.962448581091087,4695709.665888911,13.843812828388657,40.4758141341519,8.658522959870204,1735887.0,26.951009467808806,8111.348588471596,8106.482306765123,1.9222347421636086,3.871117578359344,1735887.0,3.0755755874617736,107.68330562692863,108.4788476178262,1727775.6514115285,1735779.3166943733,1.00463177084531,1.6714042906376758,2496352.115597961,1709440.1763350507,1
86,15.020468162431902,14.896208330339396,14.95661168010911,14.966087377380957,6105856.8387476895,13.847179584572348,54.18689321462195,6.667021105956094,1735887.0,58.59896092524262,8100.269499655018,8111.348588471596,2.147320150649026,2.1144582163799694,1735887.0,2.5180683168708344,108.0869157274195,107.68330562692863,1727786.7305003451,1735778.9130842728,1.0046250952848665,1.4492851210130577,3216016.428988521,2328425.7570893588,0
87,15.052560852477436,14.90839299745334,14.966087377380957,14.995047095869555,8107742.070563318,13.873974326176917,77.46708521247143,3.7869188846447503,1735887.0,53.487672607223516,8120.461993375622,8100.269499655018,1.7580770440404025,1.7311719678486988,1735887.0,2.061619969373465,108.41736372894425,108.0869157274195,1727766.5380066247,1735778.5826362711,1.0046366454971933,1.6494620643130706,4089903.923244128,2556838.7694622907,0
88,15.051498373864915,14.926609259017772,14.995047095869555,14.99619868091067,7745285.3556095585,13.875039821144748,106.89979451714908,0.990577362663249,1735887.0,76.4324807765637,8149.938729753544,8120.461993375622,0.6712106747350988,1.417363728944257,1735887.0,1.7205823578142625,108.72058235781427,108.41736372894425,1727737.0612702465,1735778.2794176422,1.0046536102221095,1.8508866736706118,3758701.019482243,2221621.9094701684,0
89,15.055407340286973,14.928504221740466,14.99619868091067,14.997141518998614,7535050.247442934,13.87591217464216,97.05069361234246,0.7055216707349241,1735887.0,97.81984116916804,8148.464060525983,8149.938729753544,0.5495408211998478,0.0,1735887.0,1.4086936895459607,110.12927604736024,108.72058235781427,1727738.5359394741,1735776.8707239528,1.0046519372301996,1.6666755396898625,4089687.1668931255,2779328.347834576,0
90,15.02784835691095,14.91228657362991,14.984151256967667,14.963692524984893,7274154.783051291,13.844963777694268,89.65256937541977,0.47213780941328143,1735887.0,92.91965611835666,8144.724835973633,8148.464060525983,0.44992597038804394,1.7205823578142625,1735887.0,1.7268682979029193,109.27527080854176,110.12927604736024,1727742.2751640263,1735777.7247291915,1.0046502571294431,1.4780153907488296,4036941.780961219,3281215.445701664,0
91,15.005284969697435,14.881228636150635,14.953056997969615,14.936306804926335,6775977.190164278,13.819625373354564,75.24214735675717,0.38655374425752465,1760776.3708606884,72.22030985963359,8147.360119726498,8144.724835973633,0.4441429961068042,1.4086936895459607,1760776.3708606884,1.4138401820085498,102.55403220388143,109.27527080854176,1752629.010740962,1760673.8168284846,1.0045918267292662,1.239828223018228,3343629.426503176,3241975.6331105167,0
92,14.969013428921915,14.860590062327596,14.927599171883735,14.904327573045979,6040414.019947161,13.790036855395348,73.6514579606666,0.0,1781154.0642090975,83.83967517250022,8137.171902514665,8147.360119726498,0.36363352967683504,1.153340845298165,1781154.0642090975,1.157554436947771,85.00707095477128,102.55403220388143,1773016.8923065825,1781069.0571381426,1.004543502782968,1.1376785619808745,2980524.5965658426,3054279.2128384737,1
93,14.944095753971466,14.838903112520583,14.910188628118433,14.869933507272187,5985460.886140199,13.758214281960893,139.00602791066794,0.0,1797837.9084302322,89.17455132557531,8187.003379099759,8137.171902514665,0.19222347421636085,0.9442756188265629,1797837.9084302322,0.3147585396088543,70.00786728077497,85.00707095477128,1789650.9050511324,1797767.9005629513,1.0045364132149466,1.034167334629391,2832202.0462026834,2917320.6599384495,1
94,14.923694887194335,14.825936854491545,14.887722668815638,14.867754825440894,5942126.530872067,13.756198437226889,135.44352116138268,0.0,1811497.4847736377,107.81817441151189,8214.628725849629,8187.003379099759,0.15737926980442715,0.7731074885150493,1811497.4847736377,0.2577024961716831,57.727557961193966,70.00786728077497,1803282.856047788,1811439.7572156766,1.0045235472834182,1.4073790174722978,2375827.3874282083,2201443.5059662727,1
95,14.929569021673897,14.820099830627441,14.887098209404604,14.867328024985145,4964655.520304481,13.755803505921659,108.09243116831549,43.01455894535656,1822681.0,84.61441904084629,8195.09217903174,8214.628725849629,0.12885124808584156,0.0,1822681.0,0.0,48.41175241960535,57.727557961193966,1814485.9078209684,1822632.5882475807,1.0044892498859754,1.1934138841029016,1742587.32326807,1711593.7541863085,1
96,14.908368843362865,14.820099830627441,14.87017451279468,14.866978590326596,4086650.1095092217,13.755480163516713,91.0556533491272,35.21734223864902,1822681.0,69.25260926250893,8181.677880879712,8195.09217903174,0.0,0.0,1822681.0,0.0,43.0,48.41175241960535,1814499.3221191205,1822638.0000000002,1.0044848060538922,1.1052664197728326,1347509.2247202026,1269108.3984200929,1
97,14.934800895015417,14.820099830627441,14.856318561924375,14.905692272313559,5550122.941727123,13.791299646275977,71.86211515802165,31.701158395477897,1822681.0,51.265485013813105,8170.573352628442,8181.677880879712,0.0,0.0,1822681.0,0.0,43.0,43.0,1814510.4266473716,1822638.0000000002,1.0044786585182481,1.2483702772054717,2980665.1221150644,2114886.6139323786,0
98,14.969431890601257,14.846080628168538,14.879195466864413,14.955157567296107,5295781.812833398,13.837066889305953,30.73994099378458,25.95471328657401,1822681.0,55.19780176137972,8120.160778574271,8170.573352628442,0.0,0.5735274526047541,1822681.0,0.0,42.42647254739525,43.0,1814560.8392214258,1822638.573527453,1.0044510670309807,1.32570798136745,2619412.395510674,1814813.0999573916,0
99,14.99778535169709,14.867351906104927,14.928684866872576,14.960118000165894,4940002.552023281,13.841656476786945,20.910753736166118,26.985196481087385,1822681.0,53.95682256764232,8060.129513261709,8120.160778574271,1.1470549052095083,0.4695645631819869,1822681.0,0.28676372630237706,42.24367171051564,42.42647254739525,1814620.8704867386,1822638.7563282896,1.004417938755988,1.0262785804196415,2234325.7431265214,1822136.4068338335,0
100,14.990229163472135,14.871777093477771,14.92542473538591,14.955938858615363,5131044.520145456,13.837789768396666,18.17817292353292,6.8429657824688945,1822681.0,58.454856865942304,8013.0098635368295,8060.129513261709,0.9391291263639738,0.3844469484327217,1822681.0,0.23478228159099346,42.09400704367391,42.24367171051564,1814667.9901364632,1822638.9059929564,1.0043919413385298,1.0052598496851497,2294142.2277400643,2066003.6893043926,0
101,14.993611044851354,14.8624095949579,14.91932310472836,14.93952700487553,5214537.595662393,13.822604837934925,78.306818751684,5.60254652836762,1822681.0,52.29841004456311,8033.415725715584,8013.0098635368295,0.7688938968654434,0.3147585396088543,1822681.0,0.19222347421636085,41.97147197828142,42.09400704367391,1814647.5842742845,1822639.0285280219,1.00440330351597,0.9638034821282275,3624715.025296794,4033564.320932204,0
102,14.969013428921915,14.841749873809322,14.927317774096045,14.898752364601915,4457029.023568561,13.78487869083175,91.50925519740625,3.532032344521265,1822681.0,65.21855797988017,8056.174390588589,8033.415725715584,0.6295170792177086,0.2577024961716831,1822681.0,0.15737926980442715,41.87114875191416,41.97147197828142,1814624.8256094116,1822639.1288512482,1.0044159560849488,0.7364384603414118,2493253.1851418545,3587925.374349381,0
103,14.931105491940517,14.802258072648144,14.906525677738085,14.860590062327596,4477358.859636858,13.749569540457049,97.1270291457951,4.038838406535194,1822681.0,137.2814162404896,8011.98116508736,8056.174390588589,1.0889324449481204,2.0073460841166395,1822681.0,0.12885124808584156,39.992653915883366,41.87114875191416,1814669.0188349127,1822641.007346084,1.0043925313465114,0.7300126831461176,2398433.149715949,3346736.0968921706,0
104,14.900069098148109,14.78294417136926,14.853964050814538,14.851893648030732,4037871.6939538475,13.741523177662037,79.52383669265373,1.196831622535657,1822681.0,113.30128307238286,7977.006887085094,8011.98116508736,0.4695645631819869,1.6434759711369542,1822681.0,0.0,38.34917794474641,39.992653915883366,1814703.993112915,1822642.6508220553,1.0043740802015848,0.9156650939084663,2279629.5941557884,2895866.0145564647,0
105,14.897206610789802,14.771910136766943,14.851258243353165,14.862553402953752,3836342.968510748,13.751385963449758,70.67895132601663,0.7688938968654434,1822681.0,103.33630055970806,7943.580643954538,7977.006887085094,0.3844469484327217,1.632328045816903,1822681.0,0.0,36.7168498989295,38.34917794474641,1814737.4193560458,1822644.283150101,1.0043564802401819,0.8219336849215152,2003270.665691387,2740662.2218805198,0
106,14.894863004359259,14.741645671394327,14.853821765909242,14.837088662894073,3897350.3832029793,13.727825110863073,58.551744976735876,4.070681794846234,1822681.0,97.87446433088328,7900.187242805543,7943.580643954538,0.3147585396088543,1.3364371702219835,1822681.0,0.0,35.38041272870752,36.7168498989295,1814780.8127571947,1822645.6195872715,1.0043331995997398,0.6519547093783479,1174696.6504842197,2335919.772138907,0
107,14.884743474388934,14.734636335235866,14.825160952784405,14.846999645573167,3705223.891277166,13.736994984606673,41.84167175041598,3.332792371435288,1822681.0,77.5800995994303,7861.1160225850945,7900.187242805543,0.5444662224740602,1.0941822108172516,1822681.0,0.0,34.286230517890274,35.38041272870752,1814819.883977415,1822646.7137694824,1.0043121776106274,0.8742067561575182,1342885.8158664084,2002117.4354557418,0
108,14.881237154332151,14.746706341708908,14.806474314007493,14.842123536375613,3013396.9959873008,13.732483504852965,31.387845694820864,5.174318953620101,1822681.0,31.706886627630798,7851.3212068041275,7856.814566690558,0.23478228159099346,0.15737926980442715,1822681.0,0.0,34.128851248085844,34.286230517890274,1814829.6787931959,1822646.871148752,1.0043068438903755,0.6776392747742574,978467.9705416209,1736415.2543104151,1
109,14.865375886761381,14.738779661653602,14.800732789449784,14.807342852019053,2964818.3639016617,13.700302874870797,26.967079271670308,4.23637405356306,1822681.0,35.534002565536795,7834.996175232833,7847.799472580263,0.19222347421636085,0.4156149743882186,1822681.0,0.0,33.713236273697625,34.128851248085844,1814846.0038247674,1822647.2867637263,1.0042980390003617,0.47278888631655713,752235.008082364,1802291.1566630814,1
110,14.847610928881775,14.732289844922512,14.786474225444225,14.787107236612844,2822716.3437366406,13.681580221735082,44.419579036044794,3.468449719193707,1822681.0,32.36152907673285,7840.702423359707,7832.112823119589,0.15737926980442715,0.23478228159099346,1822681.0,0.0,33.47845399210664,33.713236273697625,1814840.2975766405,1822647.521546008,1.0043013260985392,0.6252893362126659,762362.4532579303,1504314.8608749062,1
111,14.833066211538608,14.749564048264181,14.774800300598146,14.79786662962049,2357154.584088753,13.691535327861658,42.10136945722027,1.5737926980442716,1822681.0,25.67366053234952,7853.195650539466,7838.34173431264,0.12885124808584156,0.19222347421636085,1822681.0,0.0,33.286230517890274,33.47845399210664,1814827.8043494606,1822647.7137694824,1.0043083457347506,0.693651954008333,640767.0437449879,996029.0438008469,1
112,14.851917652032641,14.77191838146926,14.787790562629095,14.823098671820789,3589178.728645945,13.714880967084133,42.99977391874377,1.2885124808584156,1822681.0,39.34592516932223,7853.628218086742,7851.262881818178,0.0,0.15737926980442715,1822681.0,0.0,33.12885124808584,33.286230517890274,1814827.3717819136,1822647.871148752,1.0043086717804206,1.0252785268975488,1735257.1389866862,1345994.0527146556,1
113,14.867351906104927,14.785431046810391,14.811416625154521,14.848535871677129,3656879.577927371,13.738416353412026,38.6196332623557,0.8602911789071312,1822681.0,49.9039108396604,7841.48364933053,7853.628218086742,0.0,0.12885124808584156,1822681.0,0.0,33.0,33.12885124808584,1814839.5163506693,1822648.0,1.0043020222337748,1.2009962135342591,1774436.0892401265,1277941.4663283161,1
114,14.897786606334934,14.801283796199645,14.817769473608081,14.891949705352957,3710063.4201442413,13.77858458355789,47.22615246805694,0.7043468447729804,1822681.0,55.686323087278765,7832.319131866535,7841.48364933053,0.0,0.0,1822681.0,0.0,33.0,33.0,1814848.6808681334,1822648.0,1.0042969508235162,1.453455762632341,1721110.873627747,1043176.7926305851,0
115,14.92270443137395,14.827253465155614,14.861970794373969,14.909685180547733,4246134.064646716,13.794994056847564,32.74737913776313,0.8634341489514596,1822681.0,48.23832014956998,7815.964756705776,7832.319131866535,0.0,0.0,1822681.0,0.0,33.0,33.0,1814865.0352432944,1822648.0,1.0042879007968317,1.5091402497999409,2184258.137518656,1344403.898266737,0
116,14.943105421033207,14.8437261170587,14.885140524185447,14.919426909173533,4572264.619903987,13.804007403725443,25.627029349547993,0.7069200910042749,1822681.0,48.311047906996066,7792.573818057324,7815.964756705776,0.0,0.0,1822681.0,1.1470549052095083,34.147054905209515,33.0,1814888.426181943,1822646.852945095,1.0042743249947135,1.5326126877258819,2531254.511890595,1652902.4745336873,0
117,14.937231286553645,14.826453135878795,14.899331444185998,14.904854698676061,5646965.445143238,13.790524583520712,23.20587403316397,2.299359576288148,1822681.0,96.47997653753036,7717.00035597667,7792.573818057324,0.0,0.0,1822681.0,0.9391291263639738,35.08618403157348,34.147054905209515,1814963.9996440234,1822645.9138159684,1.0042319936867354,1.2009769770183203,2667560.7254643897,3015923.0739014777,0
118,14.919431689976566,14.825301477020417,14.880190238319834,14.879933446291307,4982296.900975059,13.767466646591444,19.757110398421712,1.566072959350388,1822681.0,81.88394938207573,7653.307444033666,7717.00035597667,0.0,0.0,1822681.0,0.7688938968654434,35.85507792843893,35.08618403157348,1815027.6925559666,1822645.1449220718,1.0041963306047406,1.1646572397717776,2206588.1251733033,2509313.7704163007,0
119,14.900069098148109,14.824358578496007,14.869297695370197,14.85474013584027,4638835.581030284,13.744156951455931,12.456678360883194,1.2821920933840065,1822681.0,61.19560709685332,7603.286323204311,7653.307444033666,0.0,0.0,1822681.0,0.6295170792177086,36.48459500765664,35.85507792843893,1815077.7136767956,1822644.5154049925,1.0041683085637132,1.0270532315191843,1854023.3875221154,2169210.9257857567,0
120,14.884216348758855,14.805817385502102,14.859022854989227,14.838903112520583,4122254.7062957864,13.729504040272602,16.78084699223633,0.9442756188265629,1822681.0,53.909379668833395,7565.213514908888,7603.286323204311,0.0,0.0,1822681.0,0.5154049923433662,37.0,36.48459500765664,1815115.7864850913,1822644.0000000002,1.0041469600041326,1.0470160957901329,1355230.8757638475,1685438.8197628085,0
121,14.871237215313034,14.79063714059924,14.842409506394631,14.838927390001693,4016869.8544708844,13.729526388654126,75.53136181736,0.7731074885150493,1822681.0,46.82953698211221,7593.142232255621,7565.213514908888,0.0,0.0,1822681.0,0.0,37.0,37.0,1815087.8577677447,1822644.0000000002,1.0041624115000594,1.086686666977349,1097643.5844347237,1373870.7961868674,0
122,14.878390576362005,14.800756670569566,14.841798182498781,14.8437261170587,3351527.1921524247,13.733966279507548,95.46993046254227,0.0,1822681.0,19.47950756621759,7669.132655151946,7593.142232255621,0.0,0.0,1822681.0,0.0,37.0,37.0,1815011.867344848,1822644.0000000002,1.0042044566683959,1.7055896091754497,744437.5297416707,505675.30733096687,0
123,14.876035841346336,14.7912727285954,14.850855474105764,14.839443397909744,3582114.897413105,13.73000381084631,83.41802524874849,0.0,1822681.0,45.6262518514211,7706.924428549273,7669.132655151946,0.0,0.0,1822681.0,0.0,37.0,37.0,1814974.0755714509,1822644.0000000002,1.0042253648672284,1.4113518051709641,708843.7613064931,701359.6077473024,0
124,14.861117411863507,14.783507933640747,14.832290159742898,14.822946742004747,4079464.4046882037,13.714740478505808,318.9447347643278,5.161747073442787,1822681.0,41.70312648867828,7979.0042897514795,7706.924428549273,0.0,0.0,1822681.0,0.0,37.0,37.0,1814701.9957102488,1822644.0000000002,1.004375973219185,1.4325866083873742,938908.7580317345,830758.4177726205,0
125,14.848903234858291,14.768910256730425,14.81231121498947,14.82243068452333,4081649.9720597547,13.714263056313627,274.91380806612347,4.799608521242636,1822681.0,32.50177554139912,8216.61671375496,7979.0042897514795,0.0,0.0,1822681.0,0.0,37.0,37.0,1814464.3832862454,1822644.0000000002,1.004507507344211,1.399056996877478,1042393.6203111649,898749.2968967274,0
126,14.838903112520583,14.756958689720447,14.800732789449784,14.817229221448947,3886521.645065208,13.709450582536498,231.8763004282033,3.9295870990764823,1822681.0,25.90441249744724,8418.65901458664,8216.61671375496,0.0,0.0,1822681.0,0.0,37.0,37.0,1814262.3409854134,1822644.0000000002,1.0046193670790915,1.3268789013663138,1211956.605131034,1073505.8264408994,0
127,14.825936854491545,14.755413974751507,14.799464487475174,14.799980361638,3592780.797042829,13.693491324867347,180.3853765899053,3.2172738049124106,1822681.0,19.70209672891394,8576.12502064272,8418.65901458664,0.0,0.0,1822681.0,0.0,37.0,37.0,1814104.8749793572,1822644.0000000002,1.004706551731895,0.852970698041995,1017155.6794811079,1227812.73907268,0
128,14.820099830627441,14.745908868612096,14.785435827613425,14.777617889773023,3541285.62799587,13.672800371533206,152.82203355720242,2.6340810051540022,1822681.0,3.893352883957319,8722.419620310811,8576.12502064272,0.0,0.0,1822681.0,0.0,37.0,37.0,1813958.580379689,1822644.0000000002,1.0047875499704995,0.8398832002126788,938074.7816010524,1126217.887680994,0
129,14.807109568596495,14.725136483873541,14.77048868281453,14.76408789667894,3668324.2515780516,13.660281645274232,44.35875298301964,0.2577024961716831,1822681.0,7.416239841564525,8759.104430956095,8722.419620310811,0.0,0.0,1822681.0,0.0,37.0,37.0,1813921.8955690442,1822644.0000000002,1.0048078701486673,0.6054790256203668,721967.1077692817,1371822.30012247,0
130,14.796474041581218,14.71291900839174,14.758250995696965,14.73524136287632,4135278.528244975,13.633591721640226,36.22123368367695,0.0,1822681.0,9.015315661056487,8786.310348978715,8759.104430956095,0.0,0.0,1822681.0,0.0,37.0,37.0,1813894.6896510215,1822644.0000000002,1.004822940340834,0.39298112663252843,541772.0531998248,1731182.040764891,0
131,14.774747157712401,14.689925649979664,14.73524136287632,14.72461408056336,4208396.034596461,13.62375872427399,24.600555848662623,0.0,1822681.0,10.762841472363627,8800.148063355013,8786.310348978715,0.0,1.4338186315118853,1822681.0,0.0,35.56618136848812,37.0,1813880.851936645,1822645.4338186318,1.004831396339545,0.24868906106703703,354564.02141004754,1793965.455459605,0
132,14.756958689720447,14.67930130112288,14.711623818532413,14.72069204804871,4510938.268224113,13.62012974048151,26.225660268029642,0.0,1822681.0,15.301940529501522,8811.071783093543,8800.148063355013,0.0,1.1739114079549673,1822681.0,0.0,34.39226996053315,35.56618136848812,1813869.9282169067,1822646.6077300396,1.0048380948639335,0.28473764319465444,413725.2314666815,1749099.8518898205,0
133,14.74239472392529,14.675392334700824,14.710056521033433,14.722270474132815,4219415.401030344,13.621590133524549,30.199447169416963,0.0,1822681.0,31.741338955532537,8809.529891307426,8811.071783093543,0.0,0.9611173710818043,1822681.0,0.0,33.431152589451344,34.39226996053315,1813871.4701086925,1822647.5688474108,1.0048377705449643,0.41053912242983703,505035.56637877144,1603877.3331709288,0
134,14.735249607578636,14.663980258504804,14.70057257905927,14.723562780109333,3915788.5833715093,13.622785802220463,33.30431015256773,0.0,1822681.0,60.76474697278574,8782.069454487208,8809.529891307426,0.0,0.7868963490221358,1822681.0,0.0,32.64425624042921,33.431152589451344,1813898.930545513,1822648.3557437598,1.0048229928327366,0.38971227855476254,496375.83095593704,1581432.3333954138,0
135,14.72939968109131,14.667627376276801,14.692807784104613,14.716409419060362,3536518.757515136,13.616167361980882,31.934208296223964,0.0,1822681.0,51.74392876576409,8762.259734017669,8782.069454487208,0.0,0.6442562404292078,1822681.0,0.0,32.0,32.64425624042921,1813918.7402659825,1822649.0000000002,1.0048123744229558,0.3169912424155548,388019.07549262693,1309067.5816482136,0
136,14.72939968109131,14.662401799190675,14.691229358020507,14.692783356534935,3907665.0896137166,13.594307737611878,38.55508438175028,0.0,1822681.0,42.8947691383991,8757.920049261018,8762.259734017669,0.0,0.0,1822681.0,0.0,32.0,32.0,1813923.0799507392,1822649.0000000002,1.0048099702511526,0.34226599691795045,518275.8414810454,1545447.4766830583,0
137,14.716409419060362,14.653344507583693,14.676946516533842,14.673439972571227,4233446.584218803,13.576410590890244,38.286579774944656,0.0,1822681.0,36.13405832966793,8760.072570706296,8757.920049261018,0.0,0.0,1822681.0,0.0,32.0,32.0,1813920.9274292937,1822649.0000000002,1.0048111624956966,0.3184072707936755,627326.7386493238,2057217.9720594422,1
138,14.705773892045084,14.632938762374513,14.660473864630756,14.644612687220596,4515619.585267147,13.54973878256666,40.31775252661566,0.0,1822681.0,115.71414571780124,8684.67617751511,8760.072570706296,0.0,0.0,1822681.0,4.588219620838033,36.58821962083803,32.0,1813996.323822485,1822644.4117803792,1.0047668733966724,0.29633671814771523,651079.123702662,2087401.6710249986,1
139,14.697066259002487,14.621010902176279,14.651766048269565,14.634001164207227,4525459.614101183,13.539920616762174,39.73268136850667,0.0,1822681.0,86.00492517238486,8638.403933711232,8684.67617751511,0.0,0.0,1822681.0,3.7565165054558953,40.34473612629393,36.58821962083803,1814042.5960662889,1822640.6552638737,1.00473917388691,0.3646822218702998,746046.9477135194,2029594.8679899236,1
140,14.676946516533842,14.606466245269575,14.631646429191557,14.630092034315801,4718433.492702038,13.536303675418035,42.04257713821619,1.7205823578142625,1822681.0,70.4014927868277,8608.324435704806,8638.403933711232,0.28676372630237706,0.0,1822681.0,3.0755755874617736,43.42031171375571,40.34473612629393,1814072.6755642951,1822637.5796882862,1.0047208177936726,0.3449378343881668,707283.123300107,2136571.3109042654,1
141,14.725454710539164,14.599337038311079,14.628164140343124,14.683660770798166,6240596.539487479,13.585867692459672,200.2392769958317,1.4086936895459607,1822681.0,72.09988334553701,8735.055135665556,8608.324435704806,0.23478228159099346,4.588219620838033,1822681.0,2.5180683168708344,41.3501604097885,43.42031171375571,1813945.9448643345,1822639.6498395903,1.004792169337519,0.8289508870267184,1881601.368585654,2185819.519513218,1
142,14.80894848597232,14.658480709758312,14.682082344714061,14.76651919112712,9528014.18289741,13.662531490587707,358.6144711059786,1.153340845298165,1822681.0,80.41879241364965,9012.097473512586,8735.055135665556,0.19222347421636085,3.7565165054558953,1822681.0,2.061619969373465,39.655263873706076,41.3501604097885,1813668.9025264876,1822641.3447361265,1.0049466468986954,1.227204979354931,2997805.155791189,2212714.464935978,1
143,14.877307407610033,14.737663100299809,14.765226885150604,14.839136778338514,9101449.041850919,13.729719992701703,295.3515156467182,0.9442756188265629,1822681.0,47.04087389616099,9259.463839644317,9012.097473512586,0.15737926980442715,3.0755755874617736,1822681.0,0.0,36.5796882862443,39.655263873706076,1813421.536160356,1822644.420311714,1.0050854255362822,1.5876592935536564,2822301.040887041,1832409.6186854108,0
144,14.920284696971128,14.776511360997272,14.82028062653032,14.867802667009023,8538433.346484782,13.756242716956336,242.46857300008696,0.7731074885150493,1822681.0,127.91126892514006,9373.248036230749,9259.463839644317,0.12885124808584156,2.5180683168708344,1822681.0,0.0,34.06161996937347,36.5796882862443,1813307.7519637693,1822646.938380031,1.0051498488832709,1.4879498864525726,2578248.3862063065,1745553.2011156618,0
145,14.947231225572763,14.795327364702924,14.857143405975567,14.878281776117731,8137207.484078431,13.765938549569576,211.00476908797003,7.169093157559427,1822681.0,211.2657815275054,9365.817930633653,9373.248036230749,0.0,2.061619969373465,1822681.0,0.0,32.0,34.06161996937347,1813315.1820693666,1822649.0000000002,1.005146846899803,1.4961077597113583,2352136.344473171,1486473.2614078447,0
146,14.919407262406889,14.797713354760557,14.869554711304556,14.854744916643302,8191425.572445222,13.744161354202369,123.25378444457681,5.869557039774836,1822681.0,192.61379291707306,9290.588365121383,9365.817930633653,0.0,0.0,1822681.0,0.0,32.0,32.0,1813390.4116348787,1822649.0000000002,1.0051051508365085,1.1890463155891464,2026848.7294706067,1947876.2752024531,1
147,14.882279712698825,14.775761821525021,14.847599800296647,14.80810799913547,6990979.695119361,13.70101084264779,44.07374717912472,6.239405486920906,1822681.0,151.08535421496757,9177.33735259862,9290.588365121383,0.0,0.0,1822681.0,0.0,32.0,32.0,1813503.6626474014,1822649.0000000002,1.0050423735067704,0.9119697813211234,1569079.9925915943,2224954.0163975134,1
148,14.838891983935458,14.73524136287632,14.81527732347436,14.769924920543044,8795395.09295043,13.66568219182701,55.16543866586338,5.108393153065646,1822681.0,124.02356220128458,9103.370835910133,9177.33735259862,0.0,0.0,1822681.0,0.0,32.0,32.0,1813577.62916409,1822649.0000000002,1.00500137023777,0.7380751029588546,3337589.2581517026,4598666.515585786,1
149,14.834128763968394,14.711623818532413,14.79360343240272,14.774241137764431,8698645.862362098,13.66967593477019,95.56323318034606,4.755926025832597,1822681.0,71.43582475314605,9122.742318311499,9103.370835910133,0.5735274526047541,0.0,1822681.0,0.0,32.0,32.0,1813558.2576816888,1822649.0000000002,1.005012104264253,0.6045387655209185,2834961.7278753067,4361860.536399806,1
150,14.88700852093516,14.72307577185965,14.79362746361107,14.834544218882797,9738785.563865237,13.725470679003248,228.58937814596823,1.2564609122041226,1822681.0,55.26949530211563,9294.805740243148,9122.742318311499,0.4695645631819869,0.0,1822681.0,1.4338186315118853,33.43381863151188,32.0,1813386.194259757,1822647.5661813687,1.0051066930861094,0.828677286384673,2940796.821955377,3939888.9910405334,1
151,14.926870343428803,14.776212412521936,14.837426138011685,14.888695056236376,8523130.472611863,13.77557314551316,195.3860445941086,1.6022306414666838,1822681.0,89.0186106914093,9399.570943504381,9294.805740243148,0.3844469484327217,0.0,1822681.0,1.1739114079549673,34.60773003946686,33.43381863151188,1813281.429056496,1822646.3922699608,1.005164113211321,0.9509271228695122,2512010.464153886,3143654.59803739,0
152,14.959506443378082,14.78074595477536,14.878064310024131,14.885829216402833,8101315.625596285,13.77292177880685,177.28873441665513,0.7843231027908413,1822681.0,342.3807374698903,9233.694617348356,9399.570943504381,2.035340897423117,0.0,1822681.0,0.9611173710818043,35.568847410548656,34.60773003946686,1813447.3053826517,1822645.4311525894,1.0050716689805446,0.8184396376864371,2151702.7675173227,3055164.027117138,1
153,14.952005697515588,14.789236555575235,14.872335982832283,14.883482865197717,6380767.098099378,13.770751023346705,140.96758152959438,0.6421494446044048,1822681.0,297.8889520759945,9076.131097357349,9233.694617348356,1.666396185717644,0.0,1822681.0,0.7868963490221358,36.3557437595708,35.568847410548656,1813604.8689026427,1822644.6442562405,1.0049839305636388,0.9425638649278045,1469279.1143537988,1875606.9842350387,1
154,14.949297066957282,14.809178333593145,14.867646025196624,14.88498400576368,5676626.119934244,13.772139749260955,97.3615538432908,0.3147585396088543,1822681.0,266.71306532362524,8906.464827337408,9076.131097357349,1.153340845298165,0.0,1822681.0,0.6442562404292078,37.0,36.3557437595708,1813774.5351726627,1822644.0000000002,1.0048895683785644,1.0435249461290557,1787651.8210344722,1889878.4505822384,1
155,14.927953362092206,14.815936915472427,14.85902736231306,14.854096333863936,4351631.664220258,13.743561370777563,35.304043967193316,0.2577024961716831,1822681.0,208.51504914185193,8732.996119666577,8906.464827337408,0.9442756188265629,0.0,1822681.0,0.0,37.0,37.0,1813948.0038803336,1822644.0000000002,1.0047934382846282,0.8037826961608987,1349425.9777660302,1762011.6500230257,1
156,14.915257464871162,14.80713372268697,14.83762368196085,14.854788444529728,4363862.728806385,13.744201648218977,53.588424261606704,0.0,1822681.0,154.64236924226296,8631.942174685919,8732.996119666577,0.7731074885150493,0.0,1822681.0,0.0,37.0,37.0,1814049.0578253143,1822644.0000000002,1.0047374346806213,0.771470782920586,1659842.148848536,2155304.9981994648,1
157,14.917882194204592,14.827253465155614,14.83309036613759,14.887500513978205,4423753.845185152,13.774468035109415,49.38086071097506,0.0,1822681.0,40.71255898739492,8640.6104764095,8631.942174685919,0.0,0.0,1822681.0,0.0,37.0,37.0,1814040.3895235907,1822644.0000000002,1.004742235717242,1.3259434900756748,1923682.614587959,1725221.6689683895,0
158,14.934378356220028,14.856716379089649,14.869735629915866,14.914282891232496,4951247.711900028,13.799248056841169,59.70518933936201,0.0,1822681.0,41.251982496262826,8659.0636832526,8640.6104764095,0.0,0.0,1822681.0,0.0,37.0,37.0,1814021.9363167475,1822644.0000000002,1.0047524565984327,1.1864721555492492,1815042.9829937422,1793124.1591913772,0
159,14.943105421033207,14.850078924925022,14.899738234325792,14.892431447819817,7744711.43952617,13.779030416018745,108.6808792364571,0.0,1822681.0,41.25826282641033,8726.486299662647,8659.0636832526,0.0,0.0,1822681.0,0.0,37.0,37.0,1813954.5137003374,1822644.0000000002,1.0047898036333516,1.0567902882167315,3270304.8338079643,4184811.2730965936,0
160,14.924241024522697,14.844644637078293,14.89829277637147,14.879319950042703,6986681.872202083,13.766899205268931,90.14967030329512,0.0,1822681.0,32.51347484199192,8784.12249512395,8726.486299662647,0.0,0.0,1822681.0,0.0,37.0,37.0,1813896.877504876,1822644.0000000002,1.004821730575011,0.9407832518199357,2800695.6049190676,3722965.1098404382,1
161,14.921786424992234,14.8401954184971,14.884118799981835,14.885008159854156,6842407.229266182,13.772162097642479,66.38354079660016,0.0,1822681.0,32.809704873863566,8817.696331046685,8784.12249512395,0.0,0.0,1822681.0,0.0,37.0,37.0,1813863.3036689532,1822644.0000000002,1.0048403288355994,1.1035146969126632,3009045.150475788,3405687.8190358174,0
162,14.928006504977951,14.83177375547352,14.880725714184397,14.871885495407387,6605628.855098677,13.76002039902042,70.11476887881932,0.0,1822681.0,23.337892480279667,8864.473207445226,8817.696331046685,0.0,0.0,1822681.0,0.0,37.0,37.0,1813816.5267925549,1822644.0000000002,1.0048662424218544,0.7863480461963773,2728879.08229061,3659115.9860796705,1
163,14.920079824922643,14.820099830627441,14.868379325439168,14.861141566462493,5930884.786517825,13.750079616963937,54.68449835779896,0.0,1822681.0,13.803006604775696,8905.35469919825,8864.473207445226,0.0,0.0,1822681.0,0.0,37.0,37.0,1813775.6453008018,1822644.0000000002,1.004888890546558,1.5697422057705972,2753436.421116316,2990901.2521271454,1
164,14.913590008191555,14.820099830627441,14.858270957283995,14.879682759456395,4645331.913701801,13.767234570535445,30.934187915065966,0.28676372630237706,1822681.0,70.66989026452987,8865.332233122483,8905.35469919825,0.0,0.0,1822681.0,0.0,37.0,37.0,1813815.6677668775,1822644.0000000002,1.0048667188646259,1.7743567260648891,2195291.1477718065,1715108.087598186,1
165,14.930864211533224,14.83309036613759,14.859563290466955,14.894863004359259,3946993.3975318833,13.781279858592063,26.55255161619875,0.23478228159099346,1822681.0,61.01401346554303,8830.635988991547,8865.332233122483,0.0,0.0,1822681.0,0.0,37.0,37.0,1813850.3640110085,1822644.0000000002,1.0048474977346538,1.9990764430103334,1816995.23411731,1284288.2351433898,1
166,14.940228282707356,14.8437261170587,14.891409827188221,14.884743474388934,3097480.4776126742,13.771916843378047,24.201385270238987,0.19222347421636085,1822681.0,63.84348885460271,8790.801661932968,8830.635988991547,0.0,0.0,1822681.0,0.0,37.0,37.0,1813890.1983380672,1822644.0000000002,1.00482543102193,2.0531558889989596,1215542.0977316708,851168.1730228213,1
167,14.930086170206991,14.852433933419892,14.886695102379793,14.894227416363098,2735225.2180852997,13.780691785816416,14.120667477183579,0.15737926980442715,1822681.0,55.18432002778135,8749.580630112565,8790.801661932968,0.0,0.0,1822681.0,0.0,37.0,37.0,1813931.4193698878,1822644.0000000002,1.004802595744083,1.864928449549465,940117.3542872607,499744.96821330383,1
168,14.939591276346404,14.859563290466955,14.908844525044,14.915011462143971,2977780.7352313343,13.799922039398297,10.34114602069693,11.025872847576169,1822681.0,49.37706130959708,8699.518841976089,8749.580630112565,0.0,0.0,1822681.0,0.0,37.0,37.0,1813981.481158024,1822644.0000000002,1.004774864000559,1.7092014893279277,1171947.5945276832,675603.920639585,1
169,14.960363661084958,14.878390576362005,14.926978938542106,14.940239411292481,3873295.0659722984,13.823263983238515,17.738114598186378,14.08347377390054,1822681.0,22.969342997016938,8680.204139803358,8699.518841976089,0.0,0.0,1822681.0,0.0,37.0,37.0,1814000.795860197,1822644.0000000002,1.0047641655394552,1.8717954107252464,1428512.2823710665,728864.7071681025,1
170,14.97258113656676,14.9020453542035,14.94182614056204,14.960894309097455,4388799.529484993,13.842374750497122,24.1538277700827,11.530573088859594,1822681.0,36.571674152427086,8656.255720332154,8680.204139803358,0.0,0.0,1822681.0,0.0,37.0,37.0,1814024.744279668,1822644.0000000002,1.0047509007345625,1.8205527095637124,1465967.6237470345,767659.5708658102,1
171,14.995574221499636,14.921412248279557,14.957403898428833,14.995574221499636,5564924.268931814,13.87446205430228,131.38896153110758,9.440434788462728,1822681.0,50.20593733589706,8727.998309738901,8656.255720332154,0.0,0.0,1822681.0,0.28676372630237706,37.28676372630238,37.0,1813953.001690261,1822643.713236274,1.0047904855010934,1.8960093261709086,1690569.77579904,855811.9115041441,1
172,15.032179417470882,14.950258782082177,14.992716514944362,15.032179417470882,6116765.2541258745,13.908330734033367,124.32630936928018,9.44975664155593,1822681.0,59.33914452000231,8783.535717946623,8727.998309738901,0.0,0.0,1822681.0,0.23478228159099346,37.52154600789338,37.28676372630238,1813897.4642820533,1822643.4784539922,1.0048211215220273,3.0928654880506503,1757212.457587894,716612.8888138724,1
173,15.09635947730468,14.986866588457035,15.025050210512388,15.09635947730468,7507215.505230474,13.967712276797934,105.88023983309184,3.7280161550911086,1822681.0,122.99275275928923,8762.695188865335,8783.535717946623,0.0,0.0,1822681.0,1.0525146531234921,38.57406066101687,37.52154600789338,1813918.304811135,1822642.4259393392,1.004808996210238,3.997436624237454,2053483.2357695478,609474.5302394847,1
174,15.19611712608664,15.077040520910648,15.103513111832852,15.19611712608664,9610053.988797043,14.060011802476911,197.1434001285224,1.153340845298165,1822681.0,208.10208323780907,8750.58316491075,8762.695188865335,0.28676372630237706,0.0,1822681.0,2.295544746089293,40.86960540710616,38.57406066101687,1813930.4168350894,1822640.130394593,1.0048010205869904,3.4543400085147304,2282744.716093273,963317.6543639961,1
175,15.290782316509333,15.159069439848924,15.206752877007752,15.277791780999184,9501803.109201843,14.135580262644805,170.01617819243,0.9442756188265629,1822681.0,190.94625741231278,8728.708810072041,8750.58316491075,0.23478228159099346,0.0,1822681.0,1.8794330786898914,42.74903848579605,40.86960540710616,1813952.291189928,1822638.2509615147,1.0047878675198019,3.1937626615300996,2427626.0235689124,1073515.1181189849,1
176,15.36350876881776,15.239219573935582,15.286499597360375,15.352873017896648,9394990.398482144,14.20504830226945,113.11788995139551,0.7731074885150493,1822681.0,183.90736544492103,8657.146227090001,8728.708810072041,0.19222347421636085,0.0,1822681.0,1.4332551804950857,44.18229366629114,42.74903848579605,1814023.8537729103,1822636.817706334,1.0047474380634516,3.4022648805740223,2460130.25928645,977514.3698743858,1
177,15.431263462971883,15.300062103239036,15.36000237494371,15.409565384579743,9304094.591865493,14.257502228512626,92.19997023664635,0.0,1822681.0,210.78646689050203,8538.559730436144,8657.146227090001,0.15737926980442715,0.0,1822681.0,2.894032451093923,47.076326117385065,44.18229366629114,1814142.440269564,1822633.9236738828,1.004680166707612,2.402053691641078,2196809.590271218,1222156.030539705,1
178,15.472389099349604,15.358115880085222,15.415402408443846,15.441633953256318,8255201.093284873,14.287173432100987,140.4337183770631,0.0,1822681.0,157.2389296974173,8521.75451911579,8538.559730436144,0.12885124808584156,0.0,1822681.0,2.626477382579923,48.84251232105785,47.076326117385065,1814159.2454808843,1822632.1574876793,1.0046698848291957,2.2331100934122956,2096163.8927113204,1145904.343599978,1
179,15.512943269113471,15.394731710752037,15.441633953256318,15.487763085191489,7138319.521366483,14.329853490816252,91.60052370882704,0.0,1822681.0,113.567169636274,8499.787873188343,8521.75451911579,0.0,0.0,1822681.0,2.483196587387283,50.62136206367215,48.84251232105785,1814181.212126812,1822630.3786379364,1.0046567377995976,2.892360575645,1790041.9742052015,818238.2101056207,1
180,15.567348061661798,15.458931141919951,15.487763085191489,15.551511221660705,6973414.564451398,14.388835515687683,135.1630108100669,0.0,1822681.0,128.16213305650268,8506.788750941909,8499.787873188343,0.0,0.5735274526047541,1822681.0,2.033069412032265,51.504233600450576,50.62136206367215,1814174.2112490581,1822629.4957663997,1.0046601275501774,2.7485405386244097,2007201.122780277,929075.625493699,1
181,15.624881200466891,15.506714239603244,15.538520686150557,15.61191509252642,7638501.773599047,14.444723356564605,118.44330687848583,0.0,1822681.0,158.03194562243814,8467.200112197956,8506.788750941909,0.0,2.7636743736010034,1822681.0,2.811591355982494,51.08001277341879,51.504233600450576,1814213.7998878022,1822629.9199872266,1.0046384387098481,2.3865695187027263,2918120.385435146,1546975.4563356163,0
182,15.680197035701255,15.545835731153886,15.60127934160531,15.62239853963709,8542570.474507036,14.454422764966168,272.2645403518531,0.28676372630237706,1822681.0,171.41035942390698,8567.7675293996,8467.200112197956,0.0,2.2627052011606694,1822681.0,2.2424968845536926,50.673250712554285,51.08001277341879,1814113.2324706004,1822630.3267492875,1.0046943601676148,2.30040838197345,3243352.6424742476,1760303.42034822,0
183,15.69950501359873,15.560057307934617,15.613690723275898,15.656962457725953,8268081.1540393485,14.486402517169259,210.48070944715982,0.23478228159099346,1822681.0,168.3882403622381,8609.62521620293,8567.7675293996,0.0,7.587820859387282,1822681.0,2.198539656909709,45.283969510076716,50.673250712554285,1814071.3747837974,1822635.7160304901,1.0047205130865864,3.016251037378999,3122268.204040353,1504108.651811725,0
184,15.692754148317958,15.55393146374812,15.623852303137795,15.631914010132412,8892118.271721415,14.463226945176363,181.4231627878905,0.19222347421636085,1822681.0,263.9335954705018,8526.922560046103,8609.62521620293,0.0,7.0726734653341,1822681.0,1.4835285908324172,39.69482463557503,45.283969510076716,1814154.077439954,1822641.3051753645,1.0046777967944571,2.179001217800583,3164238.634016536,2551949.712310139,0
185,15.664678943991149,15.521578569301473,15.591815172821775,15.614867251837133,8882163.364918541,14.447454495358553,136.4522831335552,0.15737926980442715,1822681.0,260.78986106875533,8402.427602841097,8526.922560046103,0.0,5.57962631378693,1822681.0,1.2146104803849422,35.32980880217305,39.69482463557503,1814278.572397159,1822645.670191198,1.0046112704097423,2.3873744443558214,3021542.570700934,2199355.851200148,0
186,15.636914060473227,15.495090259666917,15.573797074165213,15.570122183386715,9392535.71389061,14.406054983313016,119.95057140817813,0.12885124808584156,1822681.0,250.87743053361413,8271.371892467576,8402.427602841097,0.0,3.7242558187376256,1822681.0,0.5724610357805374,32.17801401921595,35.32980880217305,1814409.6281075326,1822648.821985981,1.0045404537842957,2.077122755750811,2378985.4254314215,1915418.9204857617,0
187,15.635383943078581,15.473403465972055,15.523506503861393,15.599814981813262,10408934.968966136,14.43352788792505,50.97225368175952,0.5735274526047541,1822681.0,275.73964734151815,8046.030971355212,8271.371892467576,0.0,3.0491627711301126,1822681.0,0.8312299487764372,29.96008119686228,32.17801401921595,1814634.969028645,1822651.0399188031,1.0044169357678134,3.1725641911177833,3314107.076743366,1629755.611493578,0
188,15.643688990192372,15.473427497180408,15.548658755900105,15.588586790208321,9915907.046839412,14.423138963849478,74.58106792828285,0.4695645631819869,1822681.0,231.22274577646243,7888.919728943851,8046.030971355212,0.0,0.38655374425752465,1822681.0,0.4695645631819869,30.043092015786744,29.96008119686228,1814792.0802710562,1822650.9569079843,1.0043299163032922,2.6712735877081113,3173991.9373764875,1620595.0123782216,0
189,15.655267538614185,15.50423563607087,15.56925167815337,15.619721937372649,8374241.459387621,14.451946320029476,75.80111135875418,0.3844469484327217,1822681.0,154.71425600481837,7809.622137349354,7888.919728943851,0.0,0.0,1822681.0,0.3844469484327217,29.85401151161471,30.043092015786744,1814871.377862651,1822651.1459884886,1.0042861301585642,3.1278218345385276,2922454.7802891405,1000925.5483131361,0
190,15.656535567109593,15.48224774676395,15.595680101952894,15.57544325331744,10762900.941878,14.410978322165038,70.63979501591302,0.3147585396088543,1822681.0,123.30667040558708,7756.640503420071,7809.622137349354,0.0,0.0,1822681.0,0.6015222659112314,29.985969214343953,29.85401151161471,1814924.3594965802,1822651.0140307858,1.004256735775777,2.7540064334896766,3052455.048800503,1263467.5158575713,0
191,15.657573741034565,15.451226608246081,15.547558341899745,15.561749560061601,9526534.147098072,14.39830854521125,57.85720986629664,0.2577024961716831,1822681.0,91.07252325815426,7723.167487532041,7756.640503420071,0.0,0.0,1822681.0,0.4924847777626766,30.094007043673912,29.985969214343953,1814957.832512468,1822650.9059929564,1.0042381533721787,3.0233292598671326,3352763.5088318246,1209298.9217917498,0
192,15.648865924673373,15.464828423034122,15.543698175873693,15.531411945934186,7955297.115868147,14.37023927608437,58.50267583460866,0.0,1822681.0,46.81429603452128,7734.855867332129,7723.167487532041,0.0,0.0,1822681.0,0.4789872005187379,30.258235704583797,30.094007043673912,1814946.144132668,1822650.7417642956,1.0042445301034038,2.5772530668363784,3045888.188227962,1261095.6434054438,0
193,15.641736567626312,15.458195534731198,15.521411673507911,15.555131184441779,7645507.031398298,14.392185056105085,76.33792529014897,0.0,1822681.0,43.937217109657134,7767.256575512622,7734.855867332129,0.0,0.0,1822681.0,12.14947432979288,42.15000753820499,30.258235704583797,1814913.7434244873,1822638.849992462,1.0042559066042287,2.1638308536911075,3295605.232785669,2007057.8332536442,0
194,15.583909506843149,15.404196571673516,15.477184231101408,15.50001248073772,8897191.30881041,14.341187238978943,87.30890561799715,2.8676372630237705,1822681.0,45.29325721290496,7806.404586654689,7767.256575512622,0.0,0.8602911789071312,1822681.0,9.947148267532935,51.236864626830794,42.15000753820499,1814874.5954133456,1822629.7631353731,1.0042725629261477,1.6980237348539116,3405701.451041892,2485186.7185856155,0
195,15.463372556824499,15.2491509814611,15.36297404061779,15.322819461902096,12661810.42544651,14.177241432846088,137.8526385979106,2.3478228159099346,1822681.0,257.131723700275,7684.7776787364155,7806.404586654689,0.5735274526047541,15.042533159891834,1822681.0,8.038541712675222,44.23287317961419,51.236864626830794,1814996.2223212637,1822636.7671268205,1.0042091352500613,1.2546665542308126,3051559.472676389,5583962.4816344455,0
196,15.377675510992955,15.16599957762422,15.267390864485122,15.237947810243233,13443010.739547867,14.098715127368806,260.76145359342894,1.9222347421636086,1822681.0,270.00947290498203,7673.6074246826975,7684.7776787364155,0.7563282894843639,12.315784502198754,1822681.0,8.01521994157924,39.93230861899467,44.23287317961419,1815007.3925753175,1822641.0676913813,1.0042053219941436,0.881482622569333,3602213.5484293276,6822510.210652584,0
197,15.281503191265571,15.07058348871876,15.205556974968925,15.1684607789656,12246622.255105473,14.03442322614896,212.4012743524202,3.5811387821609113,1822681.0,250.25847072473974,7632.169089528217,7673.6074246826975,0.9059929563260922,11.517130151743208,1822681.0,6.456812579474471,34.87199104672593,39.93230861899467,1815048.830910472,1822646.1280089535,1.004185181967633,0.5996833193332414,3214291.5400930084,6730769.326857945,0
198,15.163792895937874,14.958242204362744,15.063970298069286,15.0452320837286,12609072.023600716,13.920407406501207,187.35490319290733,3.2187521782977466,1822681.0,354.1688953647093,7462.136345178118,7632.169089528217,1.0285280217185857,9.42942864243385,1822681.0,0.9611173710818043,26.403679775373885,34.87199104672593,1815218.863654822,1822654.596320225,1.0040957955095575,0.48107412665931526,2920931.3944657436,7220666.1740469355,1
199,15.099536184958405,14.906593053560316,15.022587305175248,14.968245977948651,11585000.519012053,13.849176875264561,175.59722824398375,1.5803466011055194,1822681.0,287.06412702768813,7349.0890997933075,7462.136345178118,2.2759061532953497,7.403679775373882,1822681.0,0.7868963490221358,19.78689634902214,26.403679775373885,1815331.9109002068,1822661.213103651,1.0040369035309087,0.3771646589269203,2539692.388254632,7114075.833799663,1
200,15.127601517602383,14.938125851629685,15.01740030762917,15.027574056415649,10011054.55863851,13.904069164335324,130.22182398957867,1.580642089149728,1822681.0,166.38831500153188,7311.3419666922055,7349.0890997933075,1.6523654000615968,0.7868963490221358,1822681.0,0.6442562404292078,19.357492514126832,19.78689634902214,1815369.6580333079,1822661.642507486,1.0040162619017639,0.730445736607485,3305660.670103196,5393012.753890086,1
201,15.132810356165805,14.962585769778972,15.048692152043756,15.052242762105347,8454625.603508625,13.92689324164329,140.44524893936568,1.8676477406010656,1822681.0,113.74352196858979,7336.176045922381,7311.3419666922055,1.247347888972073,0.9310199667315848,1822681.0,0.0,18.191690265804255,19.357492514126832,1815344.823954078,1822662.8083097343,1.0040306372431154,0.7200587881992899,2753254.3885088395,4445395.686889307,1
202,15.198604952622727,15.013371504863276,15.077773196932124,15.124430100490393,9074501.768916775,13.993683639644553,179.22487009797376,0.7906392854841893,1822681.0,100.34183812382255,7414.268438611048,7336.176045922381,1.2025113234103544,0.23478228159099346,1822681.0,0.28676372630237706,18.051448236299276,18.191690265804255,1815266.731561389,1822662.948551764,1.0040739135407835,1.1542567426789563,3430267.7611544123,3819779.8292310573,1
203,15.2798286410926,15.12128897439175,15.187007155748923,15.215648796254865,7391054.834738359,14.078082464202863,141.81724497424884,0.5418262182371488,1822681.0,125.6884482240034,7429.855409143056,7414.268438611048,0.8790385220202013,0.19222347421636085,1822681.0,0.23478228159099346,17.936627773869482,18.051448236299276,1815251.144590857,1822663.0633722264,1.0040825931400033,1.248192780087699,3060613.1310287896,2777230.630103267,0
204,15.341550122384696,15.174105726667367,15.265554317787451,15.251361014681663,8019969.395830287,14.111124691744882,168.3648988752859,1.01713724029945,1822681.0,112.56580542640594,7484.637365351636,7429.855409143056,0.19222347421636085,0.15737926980442715,1822681.0,0.19222347421636085,17.842620730195573,17.936627773869482,1815196.3626346486,1822663.15737927,1.0041129450181574,1.242338495957177,3389044.32409636,2909284.0088885045,0
205,15.320966920510163,15.168780286089973,15.238873209629022,15.230685176638893,7283578.379859368,14.09199457719684,149.26253202825842,0.7272670593536701,1822681.0,97.85915904560497,7535.313471274936,7484.637365351636,0.15737926980442715,0.12885124808584156,1822681.0,0.15737926980442715,17.87114875191416,17.842620730195573,1815145.686528725,1822663.1288512484,1.0041409588874726,0.9001782464004818,2454369.308726972,3405800.9281754512,0
206,15.295903408444335,15.15964133377895,15.207470764572907,15.213757232187621,7209537.7975461595,14.076332164106452,97.24515725607532,0.3844469484327217,1822681.0,81.1321436949766,7551.042037887602,7535.313471274936,0.12885124808584156,0.28676372630237706,1822681.0,0.12885124808584156,17.713236273697625,17.87114875191416,1815129.9579621125,1822663.2867637263,1.0041497466204978,0.7453168005158691,2170967.3984365864,3860513.8108927673,0
207,15.256267537774686,15.116620393649303,15.176971102365208,15.141800577571285,7001218.638893282,14.009755391837913,69.01303495910449,0.3147585396088543,1822681.0,85.55824456063186,7534.182069746466,7551.042037887602,0.0,0.23478228159099346,1822681.0,0.0,17.47845399210663,17.713236273697625,1815146.8179302537,1822663.521546008,1.0041405477735488,0.43160718579818635,1526130.8584136278,4511954.186057858,1
208,15.219027017421382,15.075261922634139,15.145874750427005,15.104089298145382,6359447.4508930445,13.974863895652874,142.14290474518492,0.2577024961716831,1822681.0,43.555086844296575,7632.512185151183,7534.182069746466,0.0,0.19222347421636085,1822681.0,0.0,17.28623051789027,17.47845399210663,1815048.487814849,1822663.7137694822,1.0041950554997805,0.3391397642799862,1330388.4189330707,4231038.361226442,1
209,15.175517807321288,15.050958271794347,15.089644999134524,15.087550666166077,5411940.463013022,13.959562035951215,95.40265236977976,0.8602911789071312,1822681.0,104.59457979613833,7622.459966545916,7632.512185151183,0.0,0.15737926980442715,1822681.0,0.0,17.12885124808584,17.28623051789027,1815058.5400334543,1822663.871148752,1.0041895801237561,0.349064989737328,1206462.770181689,3906893.0518242735,1
210,15.159021645305852,15.04540734083139,15.090071889750886,15.083578344605815,4677281.67997714,13.955886979449357,84.24547107974641,0.7043468447729804,1822681.0,82.09404184113815,7623.907048939751,7622.459966545916,0.0,0.12885124808584156,1822681.0,0.0,17.0,17.12885124808584,1815057.0929510603,1822664.0000000002,1.0041904510055564,0.29371930343940167,966375.9809784271,3364893.8781566173,1
211,15.176304093349838,15.053853158453954,15.103411660257645,15.093316344814262,4272507.61180776,13.964896688103021,68.9936443002842,1.4369616015562139,1822681.0,79.30304826021319,7612.160683378266,7623.907048939751,0.0,0.0,1822681.0,0.28676372630237706,17.28676372630238,17.0,1815068.839316622,1822663.713236274,1.0041837940020173,0.32333479196273834,902692.1389024743,2884701.0724505987,1
212,15.216434562593015,15.096335323214205,15.127352591436754,15.16761610707388,4217554.545001857,14.033641517683838,88.7027677646179,1.176484654186262,1822681.0,66.51163212564393,7633.1753343630535,7612.160683378266,0.0,0.0,1822681.0,0.5215460078933705,17.80830973419575,17.28676372630238,1815047.824665637,1822663.1916902661,1.0041951325755023,0.9536706342633425,1231879.8786552565,2015746.8323538336,1
213,15.27530012475502,15.139328189655082,15.181145977285837,15.244899318958772,4918848.080714354,14.105146811817537,42.923246698358504,1.2499878932089843,1822681.0,77.32634394710229,7597.522249221101,7633.1753343630535,0.0,0.0,1822681.0,0.42700575580735434,18.235315490003103,17.80830973419575,1815083.4777507791,1822662.7646845104,1.0041751707822513,1.0203875243325524,1685921.2487490787,2188864.0460853237,1
214,15.341275221022846,15.187518307083348,15.247736613383427,15.308173461225572,5773358.3057947755,14.163690395132683,35.52145593160735,0.7069200910042749,1822681.0,82.96958171095203,7549.367203350753,7597.522249221101,0.0,0.0,1822681.0,0.349602744020788,18.584918234023892,18.235315490003103,1815131.6327966494,1822662.4150817662,1.0041483396560031,0.8619328428498498,1417011.2416804573,2202867.8198459307,1
215,15.395291061274595,15.252953835757403,15.29747746407956,15.359977947374034,6550868.481813639,14.211621827188178,28.092904946964683,0.5787772184738855,1822681.0,125.64503187109236,7451.236299208151,7549.367203350753,0.0,0.0,1822681.0,0.2862305178902687,18.87114875191416,18.584918234023892,1815229.7637007919,1822662.1288512484,1.004093903522664,0.7832964273320331,1361217.8982617357,2292253.0667769634,1
216,15.429947125787013,15.30174896448278,15.346441955239143,15.397613022994566,11536643.812801827,14.24644337231964,38.291112828808465,0.4441429961068042,1822681.0,140.66872596434249,7348.414543076509,7451.236299208151,0.0,0.0,1822681.0,0.12885124808584156,19.000000000000004,18.87114875191416,1815332.5854569238,1822662.0000000002,1.0040369635334951,0.8199146909123842,4069301.4543683804,5618706.685668611,1
217,15.448763310303377,15.319140136405462,15.381741175241888,15.422290385974016,10170511.588524934,14.26927591874217,25.09168620693947,0.36363352967683504,1822681.0,131.41575181494116,7241.726843938832,7348.414543076509,0.0,0.0,1822681.0,0.0,19.000000000000004,19.000000000000004,1815439.2731560613,1822662.0000000002,1.0039779565570448,0.6058002176653443,3357262.212602764,4869999.762405889,0
218,15.45460033416748,15.341590508864158,15.383286103253564,15.406916624037962,8715910.558225697,14.25505123083447,22.748285819106883,0.19222347421636085,1822681.0,105.52575147754673,7158.757154806175,7241.726843938832,0.0,0.0,1822681.0,0.0,19.000000000000004,19.000000000000004,1815522.242845194,1822662.0000000002,1.0039320698057117,0.5106857226242143,2682337.6902841465,4228248.342128256,0
219,15.467590596198429,15.35519236827016,15.379772032384025,15.433329427238528,7698777.20284234,14.279489528000667,22.398704677544412,0.15737926980442715,1822681.0,152.18178921810062,7028.816690995815,7158.757154806175,0.0,0.28676372630237706,1822681.0,0.0,18.713236273697625,19.000000000000004,1815652.1833090044,1822662.2867637265,1.0038603827125083,0.8272080199973461,2711131.768889105,3579270.7061954327,0
220,15.50423563607087,15.382780340441451,15.415894729382748,15.467944937003974,8146628.887004357,14.311517050832922,20.51373931168147,0.12885124808584156,1822681.0,126.80065161325265,6922.400927446158,7028.816690995815,0.0,1.6686009131028787,1822681.0,0.0,16.757871634292368,18.713236273697625,1815758.5990725541,1822664.242128366,1.0038026282501256,0.9564463571430597,2593988.5526166,3080261.1784075317,0
221,15.48224774676395,15.366367413305834,15.401680303300562,15.444295408984157,7750531.150694434,14.289635344721995,34.87019691981759,0.0,1822681.0,104.8347061633419,6852.436418202633,6922.400927446158,0.0,1.6528986084737052,1822681.0,0.0,14.870190744227669,16.757871634292368,1815828.5635817975,1822666.129809256,1.003764988813598,0.7722681381511264,1386483.7290563397,2630356.8425273933,0
222,15.438236072735933,15.331727798514773,15.364061717988632,15.394173064613465,7428499.1822954,14.243260150066735,39.85786870906692,0.0,1822681.0,80.92216342653778,6811.372123485162,6852.436418202633,0.0,2.500333827686733,1822681.0,0.0,12.177633442324575,14.870190744227669,1815869.627876515,1822668.822366558,1.003743769134534,0.7001173460760428,1358194.2360081705,2664534.966395611,0
223,15.428211874571915,15.32456912720766,15.364032436958603,15.388685522456946,6650555.6251260685,14.238182774023914,32.906242222585625,4.301455894535656,1822681.0,66.84627757526764,6773.130632237945,6811.372123485162,0.0,3.1941551028978203,1822681.0,0.0,8.826099069622328,12.177633442324575,1815907.8693677622,1822672.1739009304,1.0037244737132083,0.8890048810551416,1351244.6567330803,2240758.6249536006,0
224,15.41522590492347,15.31870810285735,15.351017928168691,15.382864464889959,5646568.701937103,14.232796967695077,171.03490824676618,75.21266579945916,1822681.0,43.167604574691836,6825.78527011056,6773.130632237945,0.0,3.3699497123701834,1822681.0,0.0,5.327298109166304,8.826099069622328,1815855.2147298895,1822675.672701891,1.0037555081396425,0.7045811254806247,1019045.3964020845,1965024.3025594042,0
225,15.382006549811702,15.291350874891231,15.339005869704682,15.334319860212323,6062843.549683817,14.187881635747377,158.26553886749574,61.57892251099378,1822681.0,26.69209809282055,6895.779788374242,6825.78527011056,0.0,2.2316090689419736,1822681.0,0.0,3.0956890402243293,5.327298109166304,1815785.220211626,1822677.9043109599,1.003795431274442,0.677059211671803,1675422.371733921,2802156.0067619015,1
226,15.386953985866938,15.296290249066377,15.343518443424077,15.352700840690485,4305641.763039738,14.204888619641984,128.7447118917938,50.41655760115662,1822681.0,31.506966715336254,6942.600975949543,6895.779788374242,0.0,1.7215924942101575,1822681.0,0.0,1.3740965460141723,3.0956890402243293,1815738.3990240504,1822679.6259034541,1.0038222626013547,1.0021023604547001,1537405.393866035,1901535.803635698,1
227,15.400572968969279,15.309892067885134,15.356770827584288,15.351298203103124,3807901.920641136,14.203590871725448,108.55417349510749,41.27758617239441,1822681.0,58.397628249005045,6925.384435929734,6916.505476856027,0.0,0.9875428017566477,1822681.0,0.0,0.38655374425752465,1.3740965460141723,1815755.6155640704,1822680.6134462561,1.003813288219329,0.8558956210127091,1225689.9920779981,1591137.6698534605,1
228,15.376145371348617,15.285489696428147,15.33208236322615,15.314611221753228,4251843.736175206,14.169646630245989,108.70939238597425,32.21281202146039,1822681.0,59.73713181162097,6920.778696857847,6904.019248304953,0.0,0.38655374425752465,1822681.0,0.5735274526047541,0.5735274526047541,0.38655374425752465,1815760.2213031421,1822680.4264725475,1.0038106382080065,0.8221963321349064,1276455.9409689023,1650511.2692789026,1
229,15.369136281462914,15.265510724468275,15.303657573643715,15.318756380824667,5321097.447959436,14.173481668435366,44.875730137574635,0.0,1822681.0,332.7244097463538,6615.437681095379,6903.286360704157,0.0,0.0,1822681.0,0.4695645631819869,1.043092015786741,0.5735274526047541,1816065.5623189048,1822679.9569079843,1.0036416728297803,1.6319865991157203,2322105.3584799254,1627217.103853534,1
230,15.39419665099061,15.279912973587557,15.30158717085991,15.362506878281671,5977990.434271118,14.213961521521336,35.58955398494627,0.0,1822681.0,305.67629881013494,6331.0294227179875,6601.116167543176,0.0,0.0,1822681.0,0.6712106747350988,1.71430269052184,1.043092015786741,1816349.970577282,1822679.2856973098,1.0034841693006276,2.8296666045122287,2857208.361274384,1078385.2695359583,1
231,15.422915194126338,15.312935200375552,15.338892116796867,15.38397954062053,5695597.966828819,14.233828981961532,27.044708092061637,0.0,1822681.0,368.0595559933168,5978.289111240921,6319.303959142176,0.0,0.0,1822681.0,0.8363045475022248,2.5506072380240647,1.71430269052184,1816702.7108887592,1822678.449392762,1.0032888829866264,2.4127745451575398,2573102.605489473,1182448.8500379082,1
232,15.446427948575153,15.339971512982,15.382425085308311,15.411128234682845,5652303.569783292,14.258948129424658,52.63435029833552,0.0,1822681.0,291.00616945257053,5739.917292086685,5978.289111240921,0.0,0.0,1822681.0,0.6847082519790374,3.235315490003102,2.5506072380240647,1816941.0827079136,1822677.7646845102,1.0031568448816357,2.015715060478394,2148830.8762455797,1155538.2478965526,1
233,15.475246928787005,15.371664774843339,15.401643869140916,15.42992297118803,5644502.209847285,14.276337824774934,163.4998751523812,1.4338186315118853,1822681.0,253.7631787822141,5648.22016982534,5739.917292086685,0.0,0.28676372630237706,1822681.0,1.2098939229279193,4.158445686628644,3.235315490003102,1817032.7798301748,1822676.8415543134,1.003105658292983,1.616979687772837,1708828.6516779866,1229533.620178477,1
234,15.481072701183853,15.38459404564755,15.409138852098401,15.430974047736225,5002332.400217948,14.277310421898925,188.30733080519343,1.1739114079549673,1822681.0,115.13050269125964,5720.2230865313195,5648.22016982534,0.0,0.23478228159099346,1822681.0,0.990577362663249,4.9142407677009,4.158445686628644,1816960.7769134687,1822676.0857592323,1.0031449976298699,1.0317606626446727,1024386.4081466979,1276241.2761186948,1
235,15.476274075150553,15.372631300479075,15.418736401205901,15.422266231375033,5315153.393779593,14.26925356985214,161.42082166123157,1.8214085499889356,1822681.0,157.1556198537628,5722.666879788799,5720.2230865313195,0.0,0.19222347421636085,1822681.0,0.9922853970373011,5.714302690521841,4.9142407677009,1816958.3331202115,1822675.2856973098,1.0031459033242505,0.4554353060004367,1208230.4232702919,2256105.301836531,1
236,15.467566442107952,15.366259203573524,15.399227916468345,15.41513687432797,5261237.6578737125,14.262657177308437,141.5936741373065,1.4912431937951163,1822681.0,182.420267680996,5680.349043051315,5722.666879788799,0.0,0.15737926980442715,1822681.0,1.280447543609029,6.837370964326443,5.714302690521841,1817000.650956949,1822674.1626290358,1.0031219216157392,0.5270171523803487,1252244.7739887985,2153530.021943398,1
237,15.473427497180408,15.374061149222374,15.391495847078154,15.435280648004964,5207675.541285714,14.281295056131604,111.04009825387509,1.2209266630782905,1822681.0,189.33507091442394,5600.8331437276875,5680.349043051315,0.0,0.12885124808584156,1822681.0,1.0483417816558724,7.756861497896473,6.837370964326443,1817080.1668562726,1822673.2431385024,1.0030775240135972,1.724166668744112,1862112.2779384232,1845260.1680175767,1
238,15.478226123213707,15.380448842058932,15.39472316536408,15.456551925941351,4800488.840883084,14.300976154849835,43.861405461608186,0.47213780941328143,1822681.0,193.11976963991185,5451.102641739971,5600.8331437276875,0.0,0.0,1822681.0,0.5418262182371488,8.298687716133621,7.756861497896473,1817229.8973582601,1822672.701312284,1.0029945821700068,1.6084724429973194,1881141.8407838047,1858766.1153320584,1
239,15.486933756256308,15.390468056736477,15.402154884205782,15.473967375345142,4137311.5985491285,14.317089675624814,19.475780036949086,0.38655374425752465,1822681.0,210.4778794492913,5259.713988583371,5451.102641739971,0.0,0.0,1822681.0,0.7303735139970728,9.029061230130694,8.298687716133621,1817421.286011417,1822671.97093877,1.0028885521155144,1.835988792762393,1835224.4218034726,1547783.26519306,0
240,15.481072701183853,15.390431069511653,15.40345004685867,15.462245141809603,4367065.813719332,14.306243762365582,32.82432680434938,0.0,1822681.0,153.86159839179695,5138.676716995923,5259.713988583371,0.0,0.0,1822681.0,1.0660122303674306,10.095073460498124,9.029061230130694,1817542.3232830043,1822670.9049265396,1.0028211688899065,2.0602030927912764,1636071.370608295,994396.571009491,0
241,15.476274075150553,15.372631300479075,15.39628087311685,15.465638324229442,4212338.582544429,14.309383290503664,25.008055862684813,0.0,1822681.0,100.94068150758882,5062.744091351019,5138.676716995923,0.0,0.0,1822681.0,0.6617880373983478,10.756861497896473,10.095073460498124,1817618.2559086492,1822670.2431385024,1.0027789070303492,2.0828687439603786,1669552.1402829334,929226.6444639596,0
242,15.4805567041389,15.37927818092054,15.39864081333624,15.458858625746764,4257666.61394469,14.303110431040718,36.08488642893497,0.0,1822681.0,98.92027028186106,4999.9087074980935,5062.744091351019,0.0,0.0,1822681.0,0.828589944539526,11.585451442436,10.756861497896473,1817681.091292502,1822669.4145485577,1.002743783362228,1.472964535412041,1478555.1019772002,1178357.1166670462,0
243,15.484063024195684,15.371701209002985,15.400572968969279,15.466298140133345,4567624.039321726,14.309993785478099,127.90376436241073,0.8602911789071312,1822681.0,68.5169010556042,5058.435279625993,4999.9087074980935,0.0,0.0,1822681.0,1.2519195218904433,12.837370964326443,11.585451442436,1817622.564720374,1822668.1626290358,1.0027753862929139,1.392383635216016,1556064.8263975491,1302020.48514752,0
244,15.486933756256308,15.378516686425893,15.428135681746877,15.472389099349604,5896207.264596228,14.315629399440322,130.16789316720497,2.4249292025872426,1822681.0,36.89984972848889,5149.278393862121,5058.435279625993,0.0,0.28676372630237706,1822681.0,0.9194905335700309,13.470097771594098,12.837370964326443,1817531.721606138,1822667.5299022286,1.002825161971273,1.3566726567403369,1704522.685214554,1381192.5393388977,0
